Name	Gender
Will	male
James	male
Samuel	male
John	male
George	male
Sam	male
Fred	male
Richard	male
William	male
Bert	male
Albert	male
David	male
Carl	male
Henry	male
Walter	male
Frederick	male
Andrew	male
Ernest	male
Lee	male
Louis	male
Rufus	male
Tom	male
Ben	male
Francis	male
Marion	male
Luther	male
Julius	male
Lawrence	male
Dan	male
Warren	male
Daniel	male
Alfred	male
Harvey	male
Jim	male
Leo	male
Edward	male
Willie	male
Howard	male
Eugene	male
Clarence	male
Chester	male
Lewis	male
Ira	male
Herman	male
Charles	male
Clyde	male
Theodore	male
Calvin	male
August	male
Harry	male
Archie	male
Thomas	male
Benjamin	male
Arthur	male
Homer	male
Martin	male
Perry	male
Frank	male
Jesse	male
Alex	male
Michael	male
Alexander	male
Floyd	male
Patrick	male
Allen	male
Earl	male
Jack	male
Milton	male
Oscar	male
Robert	male
Jacob	male
Elmer	male
Paul	male
Joe	male
Charlie	male
Peter	male
Roy	male
Guy	male
Herbert	male
Hugh	male
Willis	male
Bernard	male
Jessie	male
Edwin	male
Oliver	male
Sidney	male
Isaac	male
Philip	male
Joseph	male
Charley	male
Edgar	male
Ray	male
Leonard	male
Ralph	male
Claude	male
Raymond	male
Jerry	male
Horace	male
Ed	male
Otto	male
Stephen	male
Dave	male
Dennis	male
Eddie	male
Garfield	male
Matthew	male
Anthony	male
Clifford	male
Leroy	male
Amos	male
Franklin	male
Mack	male
Leon	male
Adam	male
Emil	male
Nathan	male
Alonzo	male
Wesley	male
Harold	male
Fredrick	male
Everett	male
Lester	male
Melvin	male
Jess	male
Winfield	male
Moses	male
Lloyd	male
Jay	male
Levi	male
Norman	male
Christopher	male
Felix	male
Percy	male
Alvin	male
Nelson	male
Mike	male
Elijah	male
Jake	male
Gilbert	male
Aaron	male
Adolph	male
Gus	male
Victor	male
Silas	male
Noah	male
Jasper	male
Cornelius	male
Wallace	male
Roscoe	male
Earnest	male
Simon	male
Claud	male
Reuben	male
Maurice	male
Sylvester	male
Otis	male
Mark	male
Irvin	male
Willard	male
Hiram	male
Virgil	male
Wilbur	male
Abraham	male
Leslie	male
Jose	male
Owen	male
Wiley	male
Morris	male
Elbert	male
Nicholas	male
Clinton	male
Phillip	male
Marshall	male
Wilson	male
Eli	male
Anton	male
Emmett	male
Manuel	male
Augustus	male
Marvin	male
Asa	male
Timothy	male
Ollie	male
Pearl	male
Newton	male
Curtis	male
Jeff	male
Ross	male
Russell	male
Harley	male
Arch	male
Ora	male
Lon	male
Clayton	male
Stanley	male
Edmund	male
Elias	male
Alva	male
Solomon	male
Harrison	male
Columbus	male
Enoch	male
Irving	male
Nathaniel	male
Mathew	male
Scott	male
Emanuel	male
Lemuel	male
Lonnie	male
Jerome	male
Millard	male
Lorenzo	male
Edd	male
Emery	male
Cyrus	male
Orville	male
Anderson	male
Byron	male
Bill	male
Ellis	male
Wade	male
Pete	male
Hubert	male
Chas	male
Cecil	male
Andy	male
Mose	male
Sherman	male
Steve	male
Monroe	male
Joshua	male
Vernon	male
Max	male
Gustave	male
Donald	male
Burt	male
Preston	male
Conrad	male
Marcus	male
Grant	male
Gordon	male
Barney	male
Clark	male
Abe	male
Miles	male
Christian	male
Bob	male
Jackson	male
Luke	male
Glenn	male
Rudolph	male
Jefferson	male
Dock	male
Austin	male
Ike	male
Bruce	male
Neal	male
Tony	male
Chris	male
Myron	male
Delbert	male
Edmond	male
Matt	male
Nick	male
Riley	male
Isaiah	male
Vincent	male
Lucius	male
Joel	male
Green	male
Juan	male
Ezra	male
Emory	male
Forrest	male
Porter	male
Bud	male
Clifton	male
Arnold	male
Taylor	male
Ambrose	male
Emmet	male
Louie	male
Roland	male
Jeremiah	male
Gustav	male
Spencer	male
Morgan	male
Van	male
Burton	male
Don	male
Elisha	male
Ferdinand	male
Ned	male
Chauncey	male
Kenneth	male
General	male
Mitchell	male
Josh	male
Julian	male
Allie	male
Judson	male
Napoleon	male
Lyman	male
Ulysses	male
Ervin	male
Ruben	male
Ole	male
Dewitt	male
Forest	male
Pink	male
Adelbert	male
Douglas	male
Ivan	male
Sanford	male
Ward	male
Pedro	male
Omer	male
Berry	male
Benjiman	male
Wilbert	male
Jonas	male
Lynn	male
Walker	male
Archibald	male
Granville	male
Caleb	male
King	male
Abner	male
Merton	male
Major	male
Clint	male
Carroll	male
Emerson	male
Judge	male
Dick	male
Mary	male
Laurence	male
Bennie	male
Clem	male
Royal	male
Roger	male
Antonio	male
Dudley	male
Glen	male
Josiah	male
Fletcher	male
Lafayette	male
Milo	male
Wayne	male
Freeman	male
Jimmie	male
Gust	male
Hugo	male
Elza	male
Elwood	male
Earle	male
Neil	male
Seth	male
Simeon	male
Harmon	male
Washington	male
Madison	male
Allan	male
Junius	male
Jordan	male
Frederic	male
Hans	male
Johnnie	male
Dallas	male
Mason	male
Irwin	male
Wilber	male
Minor	male
Abram	male
Orval	male
Evan	male
Loren	male
Lew	male
Francisco	male
Orin	male
Lawson	male
Johnny	male
Wilmer	male
Karl	male
Wash	male
Hardy	male
Vern	male
Cal	male
Isiah	male
Wilfred	male
Elliott	male
Randolph	male
Dee	male
Alphonse	male
Erastus	male
Addison	male
Stewart	male
Aubrey	male
Lucien	male
Jason	male
Micheal	male
Alvah	male
Clay	male
Bertram	male
Giles	male
Harris	male
Zack	male
Adrian	male
Ephraim	male
Fritz	male
Lucian	male
Grover	male
Johnie	male
Isom	male
Jesus	male
Bryant	male
Leander	male
Davis	male
Foster	male
Steven	male
Cassius	male
Angus	male
Jonathan	male
Merritt	male
Wilford	male
Tomas	male
maled	male
Malcolm	male
Rolla	male
Perley	male
Adolphus	male
Hamilton	male
Israel	male
Carlos	male
Cary	male
Otho	male
Axel	male
Sandy	male
Ezekiel	male
Pleasant	male
Arther	male
Merle	male
Harve	male
Erwin	male
Melville	male
Sterling	male
Murray	male
Houston	male
Clement	male
Larkin	male
Jules	male
Issac	male
Frances	male
Morton	male
Prince	male
Casper	male
Elmo	male
Stuart	male
Mat	male
Lige	male
Hector	male
Rollie	male
Dean	male
Rollin	male
Geo	male
Parker	male
Alton	male
Sim	male
Orlando	male
Gabriel	male
Christ	male
Burl	male
Squire	male
Bennett	male
Tobe	male
Saul	male
Egbert	male
Cicero	male
Dell	male
Loyd	male
Alma	male
Tommie	male
Wilburn	male
Pierce	male
Fay	male
Horatio	male
Smith	male
Wyatt	male
Alford	male
Andres	male
Enos	male
Dorsey	male
Nat	male
Rubin	male
Mahlon	male
Omar	male
Howell	male
Lou	male
Reginald	male
Oran	male
Raleigh	male
Seymour	male
Johnson	male
Carlton	male
Garrett	male
Young	male
Elzie	male
Benjamine	male
Wm	male
Carey	male
Eldridge	male
Isham	male
Mont	male
Ted	male
Larry	male
Merrill	male
Logan	male
Oren	male
Rex	male
Wheeler	male
Webster	male
West	male
Pierre	male
Rodney	male
Beverly	male
Al	male
Alvie	male
Anna	male
Aloysius	male
Cloyd	male
Benjaman	male
Duncan	male
Augustine	male
Coleman	male
Willam	male
Dana	male
Art	male
Emile	male
Bailey	male
Bishop	male
Clair	male
Henderson	male
Rush	male
Sydney	male
Dwight	male
Pat	male
Mathias	male
Thaddeus	male
Thornton	male
Hunter	male
Watson	male
Jean	male
Mortimer	male
Travis	male
Evert	male
Webb	male
Lem	male
Phil	male
Santiago	male
Maynard	male
Nels	male
Sol	male
Truman	male
Norris	male
Luis	male
Tim	male
Miguel	male
Burr	male
Wylie	male
Baxter	male
Winfred	male
Basil	male
Wellington	male
Alec	male
Early	male
Cleveland	male
Buford	male
Bertrand	male
Garland	male
Herschel	male
Gerald	male
Gabe	male
Olaf	male
Lindsey	male
Finley	male
Colonel	male
Justus	male
Ellsworth	male
Dempsey	male
Fate	male
Hezekiah	male
Rolland	male
Verne	male
Olin	male
Almon	male
Volney	male
Williams	male
Alois	male
Marcellus	male
Pablo	male
Turner	male
Anson	male
Billie	male
Alonza	male
Authur	male
Dillard	male
Emma	male
Shirley	male
Lum	male
Denis	male
Cornelious	male
Benton	male
Eric	male
Sumner	male
Elvin	male
Doctor	male
Gideon	male
Palmer	male
Hosea	male
Lonzo	male
Hilliard	male
Darius	male
Evans	male
Pinkney	male
Haywood	male
Noel	male
Lincoln	male
Lucious	male
Orie	male
Malachi	male
Newt	male
Ernst	male
Valentine	male
Elizabeth	male
Cullen	male
Waldo	male
Avery	male
Alden	male
Uriah	male
Urban	male
Warner	male
Elmore	male
Doc	male
Elige	male
Abel	male
Zeb	male
Archer	male
Eben	male
Terry	male
Carson	male
Wong	male
Maxwell	male
Orrin	male
Hermann	male
Octave	male
Parley	male
Freddie	male
Finis	male
Godfrey	male
Guss	male
Ludwig	male
Isreal	male
Hamp	male
Llewellyn	male
Jones	male
Park	male
Lafe	male
Leland	male
June	male
Minnie	male
Isadore	male
Obie	male
Ossie	male
Lacy	male
Manford	male
Oswald	male
Tillman	male
Ramon	male
Bertie	male
Rice	male
Stonewall	male
Aron	male
Carleton	male
Berton	male
Elder	male
Butler	male
Crawford	male
Bernhard	male
Addie	male
Carrie	male
Buster	male
Ashley	male
Clarance	male
Theo	male
Dayton	male
Clare	male
Fayette	male
Ephriam	male
Dolphus	male
Danial	male
Clara	male
Felipe	male
Henery	male
Flem	male
Harlan	male
Huston	male
Hoy	male
Leopold	male
Jonah	male
Fernando	male
Hayes	male
Marshal	male
Florence	male
Ford	male
Odie	male
Ivory	male
Manley	male
Lionel	male
Justin	male
Ida	male
Lenard	male
Olen	male
Mart	male
Richmond	male
Press	male
Otha	male
Price	male
Orley	male
Marquis	male
Oral	male
Rich	male
Romeo	male
Randall	male
Burley	male
Woodson	male
Rutherford	male
Chancy	male
Arlie	male
Shelby	male
Shade	male
Billy	male
Quincy	male
Clovis	male
Russel	male
Solon	male
Algie	male
Bart	male
Alf	male
Worth	male
Connie	male
Delos	male
Troy	male
Claus	male
Aden	male
Tilden	male
Thurman	male
Creed	male
Bird	male
Alcide	male
Benito	male
Birt	male
Bedford	male
Bruno	male
Hollis	male
Duke	male
Eligah	male
Elliot	male
Emmitt	male
Eber	male
Gene	male
Hardin	male
Hal	male
Cliff	male
Elton	male
Golden	male
Ivey	male
Jennie	male
Sid	male
Math	male
Pleas	male
Lyle	male
Hervey	male
Raoul	male
Mac	male
Lindsay	male
Tobias	male
Theron	male
Toney	male
Roderick	male
Harman	male
Mal	male
Miller	male
Rafael	male
Len	male
Rose	male
Lonie	male
Shelton	male
Orson	male
Osborne	male
Ples	male
Percival	male
Tyler	male
Vance	male
Walton	male
Watt	male
Vivian	male
Adolf	male
Weaver	male
Andre	male
Asbury	male
Alpha	male
Armand	male
Wilton	male
Ballard	male
Annie	male
Albion	male
Alpheus	male
Anastacio	male
Albin	male
Allison	male
Arlington	male
Asberry	male
Asher	male
Clemente	male
Ferd	male
Cato	male
Friend	male
Augustin	male
Auther	male
Commodore	male
Author	male
Delmar	male
Caesar	male
Colin	male
Clarke	male
Candido	male
Grace	male
Davie	male
Eliza	male
Hallie	male
Coy	male
Dora	male
Edson	male
Elsie	male
Dexter	male
Damon	male
Erie	male
Curt	male
Blas	male
Drew	male
Doss	male
Elihu	male
Elam	male
Garry	male
Cora	male
Gustaf	male
Cruz	male
Hampton	male
Ethel	male
Hollie	male
Hence	male
Gary	male
Obed	male
Hillard	male
Harrie	male
Joeseph	male
Ottis	male
Ishmael	male
Hattie	male
Hyman	male
Holmes	male
Mitchel	male
Hope	male
Ernie	male
Milford	male
Kirk	male
Jarrett	male
Nellie	male
Levy	male
Michel	male
Junious	male
Jessee	male
Rube	male
Oda	male
Soloman	male
Ruby	male
Redden	male
Salomon	male
Reese	male
Titus	male
Orren	male
Mervin	male
Sanders	male
Noble	male
Sammie	male
Rafe	male
Stanton	male
Stanford	male
Rupert	male
Thad	male
Stacy	male
Tracy	male
Wendell	male
Vernie	male
Yee	male
Wilhelm	male
Willian	male
Zeke	male
Alphonso	male
Alvia	male
Almer	male
Artie	male
Ab	male
Augusta	male
Abbott	male
Ashby	male
Aurthur	male
Babe	male
Arvid	male
Barton	male
Agustus	male
Albertus	male
Barnett	male
Flora	male
Chalmers	male
Blaine	male
Budd	male
Baldwin	male
Crockett	male
Bartholomew	male
Bradley	male
Gee	male
Esau	male
Cyril	male
Bernie	male
Brad	male
Duff	male
Boston	male
Gardner	male
Cleo	male
Elick	male
Denver	male
Chin	male
Eliga	male
Bradford	male
Fleming	male
Dow	male
Ceylon	male
Buck	male
Brooks	male
Erasmus	male
Eliseo	male
Gottlieb	male
Daisy	male
Firman	male
Elroy	male
Edie	male
Gustavus	male
Ennis	male
Ely	male
Chesley	male
Enrique	male
Gregorio	male
Edith	male
Elie	male
Everette	male
Gorge	male
Huey	male
Hosteen	male
Harl	male
Hardie	male
Hermon	male
Handy	male
Hudson	male
Hayden	male
Halsey	male
Gregory	male
Hershel	male
Knute	male
Isam	male
Hoyt	male
Jewel	male
Hays	male
Irven	male
Hunt	male
Humphrey	male
Lawyer	male
Holly	male
Jabez	male
Lavern	male
Katherine	male
Justice	male
Jodie	male
Hyrum	male
Kelly	male
Ivy	male
Layton	male
Judd	male
Julious	male
Kit	male
John	male
George	male
Thomas	male
William	male
Charles	male
Henry	male
Arthur	male
Joseph	male
Edward	male
Frank	male
Robert	male
Fred	male
James	male
Albert	male
Samuel	male
Harry	male
Walter	male
Clarence	male
Ernest	male
Richard	male
Louis	male
Charlie	male
Jesse	male
Benjamin	male
David	male
Will	male
Frederick	male
Joe	male
Lewis	male
Edwin	male
Carl	male
Daniel	male
Guy	male
Peter	male
Eugene	male
Alfred	male
Willie	male
Ben	male
Andrew	male
Sam	male
Isaac	male
Oscar	male
Edgar	male
Howard	male
Martin	male
Herbert	male
Tom	male
Elmer	male
Lee	male
Bert	male
Roy	male
Charley	male
Chester	male
Jim	male
Herman	male
Clyde	male
Ralph	male
Hugh	male
Earl	male
Claude	male
Ed	male
August	male
Jacob	male
Paul	male
Alexander	male
Luther	male
Francis	male
Ira	male
Michael	male
Leonard	male
Lawrence	male
Harvey	male
Oliver	male
Dan	male
Raymond	male
Jessie	male
Jack	male
Homer	male
Philip	male
Patrick	male
Floyd	male
Otto	male
Horace	male
Allen	male
Theodore	male
Garfield	male
Bernard	male
Marion	male
Ray	male
Dave	male
Willis	male
Anthony	male
Sidney	male
Archie	male
Julius	male
Warren	male
Emil	male
Calvin	male
Leroy	male
Milton	male
Stephen	male
Perry	male
Harold	male
Rufus	male
Leo	male
Leon	male
Everett	male
Eli	male
Percy	male
Alex	male
Clifford	male
Amos	male
Adam	male
Eddie	male
Levi	male
Franklin	male
Victor	male
Wesley	male
Alvin	male
Alonzo	male
Roscoe	male
Dennis	male
Gus	male
Jay	male
Leslie	male
Norman	male
Jasper	male
Morris	male
Ross	male
Moses	male
Hiram	male
Lester	male
Irvin	male
Jerry	male
Willard	male
Mark	male
Earnest	male
Nathan	male
Clinton	male
Mack	male
Lloyd	male
Wilbur	male
Otis	male
Abraham	male
Gilbert	male
Elbert	male
Aaron	male
Wallace	male
Phillip	male
Adolph	male
Nelson	male
Jake	male
Noah	male
Lonnie	male
Claud	male
Cornelius	male
Jose	male
Reuben	male
Melvin	male
Jess	male
Matthew	male
Curtis	male
Wiley	male
Maurice	male
Felix	male
Sylvester	male
Christopher	male
Elijah	male
Simon	male
Silas	male
Wilson	male
Austin	male
Stanley	male
Fredrick	male
Asa	male
Owen	male
Alva	male
Mose	male
Timothy	male
Irving	male
Harley	male
Monroe	male
Lemuel	male
Winfield	male
Anton	male
Harrison	male
Russell	male
Clark	male
Emmett	male
Jeff	male
Ellis	male
Pete	male
Rudolph	male
Edmund	male
Marvin	male
Max	male
Orville	male
Virgil	male
Andy	male
Joel	male
Manuel	male
Vernon	male
Wade	male
Augustus	male
Christian	male
Nicholas	male
Sherman	male
Bob	male
Nathaniel	male
Mathew	male
Ora	male
Marshall	male
Emanuel	male
Glenn	male
Ike	male
Emery	male
Marcus	male
Columbus	male
Scott	male
Newton	male
Johnnie	male
Chris	male
Clayton	male
Enoch	male
Pearl	male
Solomon	male
Juan	male
Ollie	male
Riley	male
Steve	male
Ezra	male
Hubert	male
Luke	male
Arch	male
Mike	male
Dock	male
Emory	male
Elias	male
Joshua	male
Edmond	male
Ambrose	male
Anderson	male
Edd	male
Bill	male
Burton	male
Ole	male
Cyrus	male
Barney	male
Major	male
Taylor	male
Seth	male
Bud	male
Julian	male
Lucius	male
Miles	male
Gustave	male
Chas	male
Nick	male
Byron	male
Abe	male
Jerome	male
Clifton	male
Burt	male
Green	male
Tony	male
Millard	male
Hugo	male
Ward	male
Preston	male
Jeremiah	male
Fletcher	male
Jefferson	male
Abner	male
Louie	male
Glen	male
Dee	male
Isaiah	male
Porter	male
Vincent	male
Mary	male
Bruce	male
Ervin	male
Van	male
Cecil	male
Neal	male
Abram	male
Lorenzo	male
Bennie	male
Arnold	male
Grant	male
Roland	male
Conrad	male
Wayne	male
Gordon	male
Grover	male
Elwood	male
Lucian	male
Dudley	male
Elisha	male
Kenneth	male
Karl	male
Myron	male
Pink	male
Wilbert	male
Matt	male
Madison	male
Irwin	male
Donald	male
Laurence	male
Archibald	male
Forrest	male
Sanford	male
Lon	male
Chauncey	male
Roger	male
Stewart	male
Zack	male
Freeman	male
Antonio	male
Dewitt	male
Noble	male
Napoleon	male
Avery	male
Lige	male
Jackson	male
Otho	male
Spencer	male
Delbert	male
Jonas	male
Hans	male
Berry	male
Carroll	male
Clay	male
Waldo	male
Gust	male
Elliott	male
Wilfred	male
Evan	male
Omer	male
Ferdinand	male
maled	male
General	male
Loren	male
Don	male
Walker	male
Emmet	male
Foster	male
Dallas	male
Perley	male
Ezekiel	male
Josh	male
Isiah	male
Francisco	male
Clement	male
Josiah	male
Judson	male
Israel	male
Junius	male
Allie	male
Morgan	male
Dwight	male
Jason	male
Adolphus	male
Jonathan	male
Giles	male
Ruben	male
Christ	male
Benjiman	male
Lynn	male
Elvin	male
Leander	male
Granville	male
King	male
Earle	male
Cicero	male
Dick	male
Lafayette	male
Emerson	male
Sim	male
Oren	male
Al	male
Pat	male
Emile	male
Lyman	male
Arther	male
Dean	male
Orrin	male
Isom	male
Truman	male
Washington	male
Mitchell	male
Lem	male
Orlando	male
Carlos	male
Clem	male
Clint	male
Caleb	male
Allan	male
Milo	male
Jimmie	male
Royal	male
Ivan	male
Forest	male
Gustav	male
Addison	male
Smith	male
Enos	male
Harmon	male
Wilford	male
Ned	male
Phil	male
Jordan	male
Malcolm	male
Nels	male
Tomas	male
Art	male
Ulysses	male
Gabriel	male
Benjamine	male
Erwin	male
Vern	male
Turner	male
Randolph	male
Alford	male
Lucious	male
Douglas	male
Anna	male
Simeon	male
Issac	male
Hardy	male
Merton	male
Jules	male
Prince	male
Coleman	male
Finis	male
Micheal	male
Wash	male
Carlton	male
Almon	male
Rolla	male
Sol	male
Brown	male
Wm	male
Mat	male
Casper	male
Bertram	male
Aubrey	male
Hosea	male
Ellsworth	male
Rollin	male
Tobe	male
Lou	male
Hamilton	male
Fay	male
Buck	male
Harris	male
Gerald	male
Henery	male
Steven	male
West	male
Adelbert	male
Ivy	male
Axel	male
Verne	male
Aron	male
Elton	male
Ephraim	male
Bennett	male
Alma	male
Lenard	male
Pedro	male
Judge	male
Minor	male
Nat	male
Morton	male
Colonel	male
Elza	male
Wyatt	male
Davis	male
Frederic	male
Johnny	male
Wilburn	male
Harve	male
Fate	male
Murray	male
Rollie	male
Noel	male
Sandy	male
Dell	male
Johnie	male
Norris	male
Harlan	male
Doc	male
Logan	male
Mason	male
Newell	male
Henderson	male
Merritt	male
Wilber	male
Valentine	male
Merle	male
Wellington	male
Carter	male
Abel	male
Cleveland	male
Cary	male
Adrian	male
Gene	male
Crawford	male
Alphonse	male
Curt	male
Duncan	male
Hal	male
Ernst	male
Mathias	male
Hamp	male
Early	male
Rich	male
Frances	male
Hezekiah	male
Parker	male
Reginald	male
Luis	male
Lawson	male
Benton	male
Alton	male
Olin	male
Beverly	male
Chin	male
Winfred	male
Elihu	male
Len	male
Solon	male
Houston	male
Tim	male
Lucien	male
Pleasant	male
Johnson	male
Thaddeus	male
Erastus	male
Lucas	male
Burl	male
Stuart	male
Hampton	male
Bart	male
Seymour	male
Birt	male
Pierre	male
Lonzo	male
Asbury	male
Ford	male
Orval	male
Miller	male
Benjaman	male
Ransom	male
Mortimer	male
Tommie	male
Loyd	male
Omar	male
Bee	male
Dexter	male
Rush	male
Shelby	male
Alonza	male
Wilmer	male
Raleigh	male
Artie	male
Cloyd	male
Cal	male
Bradley	male
Danial	male
Lacy	male
Finley	male
Mont	male
Larkin	male
Meyer	male
Newt	male
Sid	male
Paris	male
Rupert	male
Emmitt	male
June	male
Guss	male
Walton	male
Angus	male
Pleas	male
Santiago	male
Watson	male
Thornton	male
Wylie	male
Bertie	male
Alpha	male
Asberry	male
Zeb	male
Russel	male
Willam	male
Allison	male
Warner	male
Soloman	male
Anson	male
Basil	male
Bryant	male
Cornelious	male
Buford	male
Denis	male
Edith	male
Dana	male
Dolph	male
Emma	male
Byrd	male
Cassius	male
Elmo	male
Freddie	male
Berton	male
Dillard	male
Clair	male
Dorsey	male
Harper	male
Deforest	male
Eldridge	male
Eric	male
Geo	male
Haywood	male
Orange	male
Godfrey	male
Lew	male
Leland	male
Park	male
Marshal	male
Jean	male
Jule	male
Ocie	male
Margaret	male
Milford	male
Miguel	male
Lambert	male
Olen	male
Ramon	male
Pinkney	male
Ottis	male
Rafael	male
Thad	male
Press	male
Ples	male
Orin	male
Randall	male
Reece	male
Roe	male
Bishop	male
Isadore	male
Billie	male
Bartholomew	male
Drew	male
Vivian	male
Archer	male
Aloysius	male
Willian	male
Carey	male
Ambers	male
Elbridge	male
Bailey	male
Llewellyn	male
Rube	male
Lue	male
Fritz	male
Bessie	male
Marcellus	male
Eldon	male
Ely	male
Knox	male
Kelly	male
Connie	male
Gaston	male
Jesus	male
Young	male
Collins	male
Elvis	male
Hartwell	male
Guadalupe	male
Herschel	male
Manning	male
Mervin	male
Larry	male
Lindsay	male
Minnie	male
Reed	male
Sampson	male
Ola	male
Unknown	male
Palmer	male
Thos	male
Squire	male
Sanders	male
Odie	male
Samual	male
Reese	male
Sumner	male
Sterling	male
Theo	male
Todd	male
Tommy	male
Watt	male
Woodie	male
Wong	male
Alec	male
Alphonso	male
Wirt	male
Auther	male
Albion	male
Addie	male
Alice	male
Wendell	male
Ammon	male
Erving	male
Coy	male
Doss	male
Ballard	male
Barton	male
Cass	male
Chalmer	male
Leopold	male
Alvis	male
Denton	male
Cas	male
Burley	male
Chesley	male
Egbert	male
Helen	male
Elie	male
Florence	male
Elsworth	male
Evans	male
Cora	male
Edson	male
Boss	male
Furman	male
Elder	male
Garland	male
Evert	male
Gideon	male
Percival	male
Mahlon	male
Garrett	male
Justin	male
Handy	male
Hyrum	male
Quincy	male
Elzie	male
Mac	male
Oda	male
Sheldon	male
Olaf	male
Merrill	male
Horatio	male
Lindsey	male
Fredric	male
Mart	male
Halsey	male
Williams	male
Levy	male
Pierce	male
Orson	male
Bernhard	male
Acie	male
Nellie	male
Lum	male
Isham	male
Asher	male
Tilman	male
Presley	male
Alfonso	male
Worth	male
Roswell	male
Bruno	male
Ruffus	male
Plummer	male
Pearlie	male
Shirley	male
Alois	male
Alvie	male
Ashley	male
Price	male
Rollo	male
Rex	male
York	male
Oran	male
Vance	male
Ted	male
Andres	male
Augustine	male
Burke	male
Alvah	male
Bertrand	male
Alden	male
Ashton	male
Baxter	male
Carrie	male
Bird	male
Blaine	male
Cap	male
Billy	male
Carson	male
Dale	male
Dominick	male
Dixon	male
Gary	male
Gregory	male
Huey	male
Howell	male
Ferd	male
Collie	male
Casimiro	male
Curley	male
Gee	male
Garret	male
Hector	male
Erasmus	male
Hermann	male
Heber	male
Hall	male
Ennis	male
Hunter	male
Hosteen	male
Gerrit	male
Griffin	male
Isidore	male
Hurley	male
Lyle	male
Humphrey	male
Lorenza	male
Lafe	male
Maud	male
Jones	male
Melville	male
Ivey	male
Murphy	male
Lonie	male
Orrie	male
Troy	male
Orlo	male
Tolbert	male
Marian	male
Stonewall	male
Neil	male
Orla	male
Toney	male
Sebastian	male
Starling	male
Webb	male
Oswald	male
Obe	male
Richmond	male
Thurman	male
Stanton	male
Obie	male
Maude	male
Weaver	male
Rodney	male
Albin	male
Vernie	male
Adrien	male
Otha	male
Sydney	male
Rutherford	male
Alto	male
Whit	male
Yee	male
Uriah	male
Annie	male
Alf	male
Atticus	male
Arden	male
Antone	male
Belton	male
Champ	male
Augustin	male
Authur	male
Arlington	male
Bertha	male
Buster	male
Angelo	male
Clarke	male
Burrell	male
Callie	male
Bedford	male
Author	male
Caesar	male
Craig	male
Clara	male
Darrell	male
Coley	male
Conway	male
Darwin	male
Cliff	male
Colin	male
Clarance	male
Blair	male
Dalton	male
Delmar	male
Campbell	male
Dennie	male
Duke	male
Ebbie	male
Eber	male
Ebb	male
Dolphus	male
Emit	male
Elonzo	male
Esta	male
Essie	male
Elmore	male
Ephram	male
Emry	male
Ellison	male
Edna	male
Esequiel	male
Ida	male
Flem	male
Golden	male
Ethel	male
Evertt	male
Garnett	male
Fleming	male
Hardie	male
Fayette	male
Graham	male
Halbert	male
Julious	male
Hudson	male
Garner	male
Gregg	male
Gabe	male
Jared	male
Harvy	male
Harvie	male
Hilliard	male
Gustaf	male
Hollis	male
Gustavus	male
Hayes	male
Hubbard	male
Hardin	male
Jonah	male
Loy	male
Joesph	male
Kirby	male
Juluis	male
Johnathan	male
Marrion	male
Jere	male
Less	male
Lawerence	male
Justus	male
Mannie	male
Linwood	male
Lucy	male
Louise	male
Lincoln	male
Lane	male
Kyle	male
Malachi	male
Marcel	male
Lowell	male
Layton	male
Prosper	male
Shannon	male
Verner	male
Marius	male
Math	male
Orley	male
Monte	male
Nolan	male
Okey	male
Talmage	male
Weldon	male
Manly	male
Rene	male
Urban	male
Wilton	male
Page	male
Mercer	male
Rolland	male
Montgomery	male
Roll	male
Seward	male
Primus	male
Robin	male
Philo	male
Waverly	male
Pryor	male
Wiliam	male
Wells	male
Wood	male
Vaughn	male
John	male
Adelard	male
Add	male
Webster	male
Wing	male
Ab	male