Nome	Genero
Will	masculino
James	masculino
Samuel	masculino
John	masculino
George	masculino
Sam	masculino
Fred	masculino
Richard	masculino
William	masculino
Bert	masculino
Albert	masculino
David	masculino
Carl	masculino
Henry	masculino
Walter	masculino
Frederick	masculino
Andrew	masculino
Ernest	masculino
Lee	masculino
Louis	masculino
Rufus	masculino
Tom	masculino
Ben	masculino
Francis	masculino
Marion	masculino
Luther	masculino
Julius	masculino
Lawrence	masculino
Dan	masculino
Warren	masculino
Daniel	masculino
Alfred	masculino
Harvey	masculino
Jim	masculino
Leo	masculino
Edward	masculino
Willie	masculino
Howard	masculino
Eugene	masculino
Clarence	masculino
Chester	masculino
Lewis	masculino
Ira	masculino
Herman	masculino
Charles	masculino
Clyde	masculino
Theodore	masculino
Calvin	masculino
August	masculino
Harry	masculino
Archie	masculino
Thomas	masculino
Benjamin	masculino
Arthur	masculino
Homer	masculino
Martin	masculino
Perry	masculino
Frank	masculino
Jesse	masculino
Alex	masculino
Michael	masculino
Alexander	masculino
Floyd	masculino
Patrick	masculino
Allen	masculino
Earl	masculino
Jack	masculino
Milton	masculino
Oscar	masculino
Robert	masculino
Jacob	masculino
Elmer	masculino
Paul	masculino
Joe	masculino
Charlie	masculino
Peter	masculino
Roy	masculino
Guy	masculino
Herbert	masculino
Hugh	masculino
Willis	masculino
Bernard	masculino
Jessie	masculino
Edwin	masculino
Oliver	masculino
Sidney	masculino
Isaac	masculino
Philip	masculino
Joseph	masculino
Charley	masculino
Edgar	masculino
Ray	masculino
Leonard	masculino
Ralph	masculino
Claude	masculino
Raymond	masculino
Jerry	masculino
Horace	masculino
Ed	masculino
Otto	masculino
Stephen	masculino
Dave	masculino
Dennis	masculino
Eddie	masculino
Garfield	masculino
Matthew	masculino
Anthony	masculino
Clifford	masculino
Leroy	masculino
Amos	masculino
Franklin	masculino
Mack	masculino
Leon	masculino
Adam	masculino
Emil	masculino
Nathan	masculino
Alonzo	masculino
Wesley	masculino
Harold	masculino
Fredrick	masculino
Everett	masculino
Lester	masculino
Melvin	masculino
Jess	masculino
Winfield	masculino
Moses	masculino
Lloyd	masculino
Jay	masculino
Levi	masculino
Norman	masculino
Christopher	masculino
Felix	masculino
Percy	masculino
Alvin	masculino
Nelson	masculino
Mike	masculino
Elijah	masculino
Jake	masculino
Gilbert	masculino
Aaron	masculino
Adolph	masculino
Gus	masculino
Victor	masculino
Silas	masculino
Noah	masculino
Jasper	masculino
Cornelius	masculino
Wallace	masculino
Roscoe	masculino
Earnest	masculino
Simon	masculino
Claud	masculino
Reuben	masculino
Maurice	masculino
Sylvester	masculino
Otis	masculino
Mark	masculino
Irvin	masculino
Willard	masculino
Hiram	masculino
Virgil	masculino
Wilbur	masculino
Abraham	masculino
Leslie	masculino
Jose	masculino
Owen	masculino
Wiley	masculino
Morris	masculino
Elbert	masculino
Nicholas	masculino
Clinton	masculino
Phillip	masculino
Marshall	masculino
Wilson	masculino
Eli	masculino
Anton	masculino
Emmett	masculino
Manuel	masculino
Augustus	masculino
Marvin	masculino
Asa	masculino
Timothy	masculino
Ollie	masculino
Pearl	masculino
Newton	masculino
Curtis	masculino
Jeff	masculino
Ross	masculino
Russell	masculino
Harley	masculino
Arch	masculino
Ora	masculino
Lon	masculino
Clayton	masculino
Stanley	masculino
Edmund	masculino
Elias	masculino
Alva	masculino
Solomon	masculino
Harrison	masculino
Columbus	masculino
Enoch	masculino
Irving	masculino
Nathaniel	masculino
Mathew	masculino
Scott	masculino
Emanuel	masculino
Lemuel	masculino
Lonnie	masculino
Jerome	masculino
Millard	masculino
Lorenzo	masculino
Edd	masculino
Emery	masculino
Cyrus	masculino
Orville	masculino
Anderson	masculino
Byron	masculino
Bill	masculino
Ellis	masculino
Wade	masculino
Pete	masculino
Hubert	masculino
Chas	masculino
Cecil	masculino
Andy	masculino
Mose	masculino
Sherman	masculino
Steve	masculino
Monroe	masculino
Joshua	masculino
Vernon	masculino
Max	masculino
Gustave	masculino
Donald	masculino
Burt	masculino
Preston	masculino
Conrad	masculino
Marcus	masculino
Grant	masculino
Gordon	masculino
Barney	masculino
Clark	masculino
Abe	masculino
Miles	masculino
Christian	masculino
Bob	masculino
Jackson	masculino
Luke	masculino
Glenn	masculino
Rudolph	masculino
Jefferson	masculino
Dock	masculino
Austin	masculino
Ike	masculino
Bruce	masculino
Neal	masculino
Tony	masculino
Chris	masculino
Myron	masculino
Delbert	masculino
Edmond	masculino
Matt	masculino
Nick	masculino
Riley	masculino
Isaiah	masculino
Vincent	masculino
Lucius	masculino
Joel	masculino
Green	masculino
Juan	masculino
Ezra	masculino
Emory	masculino
Forrest	masculino
Porter	masculino
Bud	masculino
Clifton	masculino
Arnold	masculino
Taylor	masculino
Ambrose	masculino
Emmet	masculino
Louie	masculino
Roland	masculino
Jeremiah	masculino
Gustav	masculino
Spencer	masculino
Morgan	masculino
Van	masculino
Burton	masculino
Don	masculino
Elisha	masculino
Ferdinand	masculino
Ned	masculino
Chauncey	masculino
Kenneth	masculino
General	masculino
Mitchell	masculino
Josh	masculino
Julian	masculino
Allie	masculino
Judson	masculino
Napoleon	masculino
Lyman	masculino
Ulysses	masculino
Ervin	masculino
Ruben	masculino
Ole	masculino
Dewitt	masculino
Forest	masculino
Pink	masculino
Adelbert	masculino
Douglas	masculino
Ivan	masculino
Sanford	masculino
Ward	masculino
Pedro	masculino
Omer	masculino
Berry	masculino
Benjiman	masculino
Wilbert	masculino
Jonas	masculino
Lynn	masculino
Walker	masculino
Archibald	masculino
Granville	masculino
Caleb	masculino
King	masculino
Abner	masculino
Merton	masculino
Major	masculino
Clint	masculino
Carroll	masculino
Emerson	masculino
Judge	masculino
Dick	masculino
Mary	masculino
Laurence	masculino
Bennie	masculino
Clem	masculino
Royal	masculino
Roger	masculino
Antonio	masculino
Dudley	masculino
Glen	masculino
Josiah	masculino
Fletcher	masculino
Lafayette	masculino
Milo	masculino
Wayne	masculino
Freeman	masculino
Jimmie	masculino
Gust	masculino
Hugo	masculino
Elza	masculino
Elwood	masculino
Earle	masculino
Neil	masculino
Seth	masculino
Simeon	masculino
Harmon	masculino
Washington	masculino
Madison	masculino
Allan	masculino
Junius	masculino
Jordan	masculino
Frederic	masculino
Hans	masculino
Johnnie	masculino
Dallas	masculino
Mason	masculino
Irwin	masculino
Wilber	masculino
Minor	masculino
Abram	masculino
Orval	masculino
Evan	masculino
Loren	masculino
Lew	masculino
Francisco	masculino
Orin	masculino
Lawson	masculino
Johnny	masculino
Wilmer	masculino
Karl	masculino
Wash	masculino
Hardy	masculino
Vern	masculino
Cal	masculino
Isiah	masculino
Wilfred	masculino
Elliott	masculino
Randolph	masculino
Dee	masculino
Alphonse	masculino
Erastus	masculino
Addison	masculino
Stewart	masculino
Aubrey	masculino
Lucien	masculino
Jason	masculino
Micheal	masculino
Alvah	masculino
Clay	masculino
Bertram	masculino
Giles	masculino
Harris	masculino
Zack	masculino
Adrian	masculino
Ephraim	masculino
Fritz	masculino
Lucian	masculino
Grover	masculino
Johnie	masculino
Isom	masculino
Jesus	masculino
Bryant	masculino
Leander	masculino
Davis	masculino
Foster	masculino
Steven	masculino
Cassius	masculino
Angus	masculino
Jonathan	masculino
Merritt	masculino
Wilford	masculino
Tomas	masculino
masculinod	masculino
Malcolm	masculino
Rolla	masculino
Perley	masculino
Adolphus	masculino
Hamilton	masculino
Israel	masculino
Carlos	masculino
Cary	masculino
Otho	masculino
Axel	masculino
Sandy	masculino
Ezekiel	masculino
Pleasant	masculino
Arther	masculino
Merle	masculino
Harve	masculino
Erwin	masculino
Melville	masculino
Sterling	masculino
Murray	masculino
Houston	masculino
Clement	masculino
Larkin	masculino
Jules	masculino
Issac	masculino
Frances	masculino
Morton	masculino
Prince	masculino
Casper	masculino
Elmo	masculino
Stuart	masculino
Mat	masculino
Lige	masculino
Hector	masculino
Rollie	masculino
Dean	masculino
Rollin	masculino
Geo	masculino
Parker	masculino
Alton	masculino
Sim	masculino
Orlando	masculino
Gabriel	masculino
Christ	masculino
Burl	masculino
Squire	masculino
Bennett	masculino
Tobe	masculino
Saul	masculino
Egbert	masculino
Cicero	masculino
Dell	masculino
Loyd	masculino
Alma	masculino
Tommie	masculino
Wilburn	masculino
Pierce	masculino
Fay	masculino
Horatio	masculino
Smith	masculino
Wyatt	masculino
Alford	masculino
Andres	masculino
Enos	masculino
Dorsey	masculino
Nat	masculino
Rubin	masculino
Mahlon	masculino
Omar	masculino
Howell	masculino
Lou	masculino
Reginald	masculino
Oran	masculino
Raleigh	masculino
Seymour	masculino
Johnson	masculino
Carlton	masculino
Garrett	masculino
Young	masculino
Elzie	masculino
Benjamine	masculino
Wm	masculino
Carey	masculino
Eldridge	masculino
Isham	masculino
Mont	masculino
Ted	masculino
Larry	masculino
Merrill	masculino
Logan	masculino
Oren	masculino
Rex	masculino
Wheeler	masculino
Webster	masculino
West	masculino
Pierre	masculino
Rodney	masculino
Beverly	masculino
Al	masculino
Alvie	masculino
Anna	masculino
Aloysius	masculino
Cloyd	masculino
Benjaman	masculino
Duncan	masculino
Augustine	masculino
Coleman	masculino
Willam	masculino
Dana	masculino
Art	masculino
Emile	masculino
Bailey	masculino
Bishop	masculino
Clair	masculino
Henderson	masculino
Rush	masculino
Sydney	masculino
Dwight	masculino
Pat	masculino
Mathias	masculino
Thaddeus	masculino
Thornton	masculino
Hunter	masculino
Watson	masculino
Jean	masculino
Mortimer	masculino
Travis	masculino
Evert	masculino
Webb	masculino
Lem	masculino
Phil	masculino
Santiago	masculino
Maynard	masculino
Nels	masculino
Sol	masculino
Truman	masculino
Norris	masculino
Luis	masculino
Tim	masculino
Miguel	masculino
Burr	masculino
Wylie	masculino
Baxter	masculino
Winfred	masculino
Basil	masculino
Wellington	masculino
Alec	masculino
Early	masculino
Cleveland	masculino
Buford	masculino
Bertrand	masculino
Garland	masculino
Herschel	masculino
Gerald	masculino
Gabe	masculino
Olaf	masculino
Lindsey	masculino
Finley	masculino
Colonel	masculino
Justus	masculino
Ellsworth	masculino
Dempsey	masculino
Fate	masculino
Hezekiah	masculino
Rolland	masculino
Verne	masculino
Olin	masculino
Almon	masculino
Volney	masculino
Williams	masculino
Alois	masculino
Marcellus	masculino
Pablo	masculino
Turner	masculino
Anson	masculino
Billie	masculino
Alonza	masculino
Authur	masculino
Dillard	masculino
Emma	masculino
Shirley	masculino
Lum	masculino
Denis	masculino
Cornelious	masculino
Benton	masculino
Eric	masculino
Sumner	masculino
Elvin	masculino
Doctor	masculino
Gideon	masculino
Palmer	masculino
Hosea	masculino
Lonzo	masculino
Hilliard	masculino
Darius	masculino
Evans	masculino
Pinkney	masculino
Haywood	masculino
Noel	masculino
Lincoln	masculino
Lucious	masculino
Orie	masculino
Malachi	masculino
Newt	masculino
Ernst	masculino
Valentine	masculino
Elizabeth	masculino
Cullen	masculino
Waldo	masculino
Avery	masculino
Alden	masculino
Uriah	masculino
Urban	masculino
Warner	masculino
Elmore	masculino
Doc	masculino
Elige	masculino
Abel	masculino
Zeb	masculino
Archer	masculino
Eben	masculino
Terry	masculino
Carson	masculino
Wong	masculino
Maxwell	masculino
Orrin	masculino
Hermann	masculino
Octave	masculino
Parley	masculino
Freddie	masculino
Finis	masculino
Godfrey	masculino
Guss	masculino
Ludwig	masculino
Isreal	masculino
Hamp	masculino
Llewellyn	masculino
Jones	masculino
Park	masculino
Lafe	masculino
Leland	masculino
June	masculino
Minnie	masculino
Isadore	masculino
Obie	masculino
Ossie	masculino
Lacy	masculino
Manford	masculino
Oswald	masculino
Tillman	masculino
Ramon	masculino
Bertie	masculino
Rice	masculino
Stonewall	masculino
Aron	masculino
Carleton	masculino
Berton	masculino
Elder	masculino
Butler	masculino
Crawford	masculino
Bernhard	masculino
Addie	masculino
Carrie	masculino
Buster	masculino
Ashley	masculino
Clarance	masculino
Theo	masculino
Dayton	masculino
Clare	masculino
Fayette	masculino
Ephriam	masculino
Dolphus	masculino
Danial	masculino
Clara	masculino
Felipe	masculino
Henery	masculino
Flem	masculino
Harlan	masculino
Huston	masculino
Hoy	masculino
Leopold	masculino
Jonah	masculino
Fernando	masculino
Hayes	masculino
Marshal	masculino
Florence	masculino
Ford	masculino
Odie	masculino
Ivory	masculino
Manley	masculino
Lionel	masculino
Justin	masculino
Ida	masculino
Lenard	masculino
Olen	masculino
Mart	masculino
Richmond	masculino
Press	masculino
Otha	masculino
Price	masculino
Orley	masculino
Marquis	masculino
Oral	masculino
Rich	masculino
Romeo	masculino
Randall	masculino
Burley	masculino
Woodson	masculino
Rutherford	masculino
Chancy	masculino
Arlie	masculino
Shelby	masculino
Shade	masculino
Billy	masculino
Quincy	masculino
Clovis	masculino
Russel	masculino
Solon	masculino
Algie	masculino
Bart	masculino
Alf	masculino
Worth	masculino
Connie	masculino
Delos	masculino
Troy	masculino
Claus	masculino
Aden	masculino
Tilden	masculino
Thurman	masculino
Creed	masculino
Bird	masculino
Alcide	masculino
Benito	masculino
Birt	masculino
Bedford	masculino
Bruno	masculino
Hollis	masculino
Duke	masculino
Eligah	masculino
Elliot	masculino
Emmitt	masculino
Eber	masculino
Gene	masculino
Hardin	masculino
Hal	masculino
Cliff	masculino
Elton	masculino
Golden	masculino
Ivey	masculino
Jennie	masculino
Sid	masculino
Math	masculino
Pleas	masculino
Lyle	masculino
Hervey	masculino
Raoul	masculino
Mac	masculino
Lindsay	masculino
Tobias	masculino
Theron	masculino
Toney	masculino
Roderick	masculino
Harman	masculino
Mal	masculino
Miller	masculino
Rafael	masculino
Len	masculino
Rose	masculino
Lonie	masculino
Shelton	masculino
Orson	masculino
Osborne	masculino
Ples	masculino
Percival	masculino
Tyler	masculino
Vance	masculino
Walton	masculino
Watt	masculino
Vivian	masculino
Adolf	masculino
Weaver	masculino
Andre	masculino
Asbury	masculino
Alpha	masculino
Armand	masculino
Wilton	masculino
Ballard	masculino
Annie	masculino
Albion	masculino
Alpheus	masculino
Anastacio	masculino
Albin	masculino
Allison	masculino
Arlington	masculino
Asberry	masculino
Asher	masculino
Clemente	masculino
Ferd	masculino
Cato	masculino
Friend	masculino
Augustin	masculino
Auther	masculino
Commodore	masculino
Author	masculino
Delmar	masculino
Caesar	masculino
Colin	masculino
Clarke	masculino
Candido	masculino
Grace	masculino
Davie	masculino
Eliza	masculino
Hallie	masculino
Coy	masculino
Dora	masculino
Edson	masculino
Elsie	masculino
Dexter	masculino
Damon	masculino
Erie	masculino
Curt	masculino
Blas	masculino
Drew	masculino
Doss	masculino
Elihu	masculino
Elam	masculino
Garry	masculino
Cora	masculino
Gustaf	masculino
Cruz	masculino
Hampton	masculino
Ethel	masculino
Hollie	masculino
Hence	masculino
Gary	masculino
Obed	masculino
Hillard	masculino
Harrie	masculino
Joeseph	masculino
Ottis	masculino
Ishmael	masculino
Hattie	masculino
Hyman	masculino
Holmes	masculino
Mitchel	masculino
Hope	masculino
Ernie	masculino
Milford	masculino
Kirk	masculino
Jarrett	masculino
Nellie	masculino
Levy	masculino
Michel	masculino
Junious	masculino
Jessee	masculino
Rube	masculino
Oda	masculino
Soloman	masculino
Ruby	masculino
Redden	masculino
Salomon	masculino
Reese	masculino
Titus	masculino
Orren	masculino
Mervin	masculino
Sanders	masculino
Noble	masculino
Sammie	masculino
Rafe	masculino
Stanton	masculino
Stanford	masculino
Rupert	masculino
Thad	masculino
Stacy	masculino
Tracy	masculino
Wendell	masculino
Vernie	masculino
Yee	masculino
Wilhelm	masculino
Willian	masculino
Zeke	masculino
Alphonso	masculino
Alvia	masculino
Almer	masculino
Artie	masculino
Ab	masculino
Augusta	masculino
Abbott	masculino
Ashby	masculino
Aurthur	masculino
Babe	masculino
Arvid	masculino
Barton	masculino
Agustus	masculino
Albertus	masculino
Barnett	masculino
Flora	masculino
Chalmers	masculino
Blaine	masculino
Budd	masculino
Baldwin	masculino
Crockett	masculino
Bartholomew	masculino
Bradley	masculino
Gee	masculino
Esau	masculino
Cyril	masculino
Bernie	masculino
Brad	masculino
Duff	masculino
Boston	masculino
Gardner	masculino
Cleo	masculino
Elick	masculino
Denver	masculino
Chin	masculino
Eliga	masculino
Bradford	masculino
Fleming	masculino
Dow	masculino
Ceylon	masculino
Buck	masculino
Brooks	masculino
Erasmus	masculino
Eliseo	masculino
Gottlieb	masculino
Daisy	masculino
Firman	masculino
Elroy	masculino
Edie	masculino
Gustavus	masculino
Ennis	masculino
Ely	masculino
Chesley	masculino
Enrique	masculino
Gregorio	masculino
Edith	masculino
Elie	masculino
Everette	masculino
Gorge	masculino
Huey	masculino
Hosteen	masculino
Harl	masculino
Hardie	masculino
Hermon	masculino
Handy	masculino
Hudson	masculino
Hayden	masculino
Halsey	masculino
Gregory	masculino
Hershel	masculino
Knute	masculino
Isam	masculino
Hoyt	masculino
Jewel	masculino
Hays	masculino
Irven	masculino
Hunt	masculino
Humphrey	masculino
Lawyer	masculino
Holly	masculino
Jabez	masculino
Lavern	masculino
Katherine	masculino
Justice	masculino
Jodie	masculino
Hyrum	masculino
Kelly	masculino
Ivy	masculino
Layton	masculino
Judd	masculino
Julious	masculino
Kit	masculino
John	masculino
George	masculino
Thomas	masculino
William	masculino
Charles	masculino
Henry	masculino
Arthur	masculino
Joseph	masculino
Edward	masculino
Frank	masculino
Robert	masculino
Fred	masculino
James	masculino
Albert	masculino
Samuel	masculino
Harry	masculino
Walter	masculino
Clarence	masculino
Ernest	masculino
Richard	masculino
Louis	masculino
Charlie	masculino
Jesse	masculino
Benjamin	masculino
David	masculino
Will	masculino
Frederick	masculino
Joe	masculino
Lewis	masculino
Edwin	masculino
Carl	masculino
Daniel	masculino
Guy	masculino
Peter	masculino
Eugene	masculino
Alfred	masculino
Willie	masculino
Ben	masculino
Andrew	masculino
Sam	masculino
Isaac	masculino
Oscar	masculino
Edgar	masculino
Howard	masculino
Martin	masculino
Herbert	masculino
Tom	masculino
Elmer	masculino
Lee	masculino
Bert	masculino
Roy	masculino
Charley	masculino
Chester	masculino
Jim	masculino
Herman	masculino
Clyde	masculino
Ralph	masculino
Hugh	masculino
Earl	masculino
Claude	masculino
Ed	masculino
August	masculino
Jacob	masculino
Paul	masculino
Alexander	masculino
Luther	masculino
Francis	masculino
Ira	masculino
Michael	masculino
Leonard	masculino
Lawrence	masculino
Harvey	masculino
Oliver	masculino
Dan	masculino
Raymond	masculino
Jessie	masculino
Jack	masculino
Homer	masculino
Philip	masculino
Patrick	masculino
Floyd	masculino
Otto	masculino
Horace	masculino
Allen	masculino
Theodore	masculino
Garfield	masculino
Bernard	masculino
Marion	masculino
Ray	masculino
Dave	masculino
Willis	masculino
Anthony	masculino
Sidney	masculino
Archie	masculino
Julius	masculino
Warren	masculino
Emil	masculino
Calvin	masculino
Leroy	masculino
Milton	masculino
Stephen	masculino
Perry	masculino
Harold	masculino
Rufus	masculino
Leo	masculino
Leon	masculino
Everett	masculino
Eli	masculino
Percy	masculino
Alex	masculino
Clifford	masculino
Amos	masculino
Adam	masculino
Eddie	masculino
Levi	masculino
Franklin	masculino
Victor	masculino
Wesley	masculino
Alvin	masculino
Alonzo	masculino
Roscoe	masculino
Dennis	masculino
Gus	masculino
Jay	masculino
Leslie	masculino
Norman	masculino
Jasper	masculino
Morris	masculino
Ross	masculino
Moses	masculino
Hiram	masculino
Lester	masculino
Irvin	masculino
Jerry	masculino
Willard	masculino
Mark	masculino
Earnest	masculino
Nathan	masculino
Clinton	masculino
Mack	masculino
Lloyd	masculino
Wilbur	masculino
Otis	masculino
Abraham	masculino
Gilbert	masculino
Elbert	masculino
Aaron	masculino
Wallace	masculino
Phillip	masculino
Adolph	masculino
Nelson	masculino
Jake	masculino
Noah	masculino
Lonnie	masculino
Claud	masculino
Cornelius	masculino
Jose	masculino
Reuben	masculino
Melvin	masculino
Jess	masculino
Matthew	masculino
Curtis	masculino
Wiley	masculino
Maurice	masculino
Felix	masculino
Sylvester	masculino
Christopher	masculino
Elijah	masculino
Simon	masculino
Silas	masculino
Wilson	masculino
Austin	masculino
Stanley	masculino
Fredrick	masculino
Asa	masculino
Owen	masculino
Alva	masculino
Mose	masculino
Timothy	masculino
Irving	masculino
Harley	masculino
Monroe	masculino
Lemuel	masculino
Winfield	masculino
Anton	masculino
Harrison	masculino
Russell	masculino
Clark	masculino
Emmett	masculino
Jeff	masculino
Ellis	masculino
Pete	masculino
Rudolph	masculino
Edmund	masculino
Marvin	masculino
Max	masculino
Orville	masculino
Virgil	masculino
Andy	masculino
Joel	masculino
Manuel	masculino
Vernon	masculino
Wade	masculino
Augustus	masculino
Christian	masculino
Nicholas	masculino
Sherman	masculino
Bob	masculino
Nathaniel	masculino
Mathew	masculino
Ora	masculino
Marshall	masculino
Emanuel	masculino
Glenn	masculino
Ike	masculino
Emery	masculino
Marcus	masculino
Columbus	masculino
Scott	masculino
Newton	masculino
Johnnie	masculino
Chris	masculino
Clayton	masculino
Enoch	masculino
Pearl	masculino
Solomon	masculino
Juan	masculino
Ollie	masculino
Riley	masculino
Steve	masculino
Ezra	masculino
Hubert	masculino
Luke	masculino
Arch	masculino
Mike	masculino
Dock	masculino
Emory	masculino
Elias	masculino
Joshua	masculino
Edmond	masculino
Ambrose	masculino
Anderson	masculino
Edd	masculino
Bill	masculino
Burton	masculino
Ole	masculino
Cyrus	masculino
Barney	masculino
Major	masculino
Taylor	masculino
Seth	masculino
Bud	masculino
Julian	masculino
Lucius	masculino
Miles	masculino
Gustave	masculino
Chas	masculino
Nick	masculino
Byron	masculino
Abe	masculino
Jerome	masculino
Clifton	masculino
Burt	masculino
Green	masculino
Tony	masculino
Millard	masculino
Hugo	masculino
Ward	masculino
Preston	masculino
Jeremiah	masculino
Fletcher	masculino
Jefferson	masculino
Abner	masculino
Louie	masculino
Glen	masculino
Dee	masculino
Isaiah	masculino
Porter	masculino
Vincent	masculino
Mary	masculino
Bruce	masculino
Ervin	masculino
Van	masculino
Cecil	masculino
Neal	masculino
Abram	masculino
Lorenzo	masculino
Bennie	masculino
Arnold	masculino
Grant	masculino
Roland	masculino
Conrad	masculino
Wayne	masculino
Gordon	masculino
Grover	masculino
Elwood	masculino
Lucian	masculino
Dudley	masculino
Elisha	masculino
Kenneth	masculino
Karl	masculino
Myron	masculino
Pink	masculino
Wilbert	masculino
Matt	masculino
Madison	masculino
Irwin	masculino
Donald	masculino
Laurence	masculino
Archibald	masculino
Forrest	masculino
Sanford	masculino
Lon	masculino
Chauncey	masculino
Roger	masculino
Stewart	masculino
Zack	masculino
Freeman	masculino
Antonio	masculino
Dewitt	masculino
Noble	masculino
Napoleon	masculino
Avery	masculino
Lige	masculino
Jackson	masculino
Otho	masculino
Spencer	masculino
Delbert	masculino
Jonas	masculino
Hans	masculino
Berry	masculino
Carroll	masculino
Clay	masculino
Waldo	masculino
Gust	masculino
Elliott	masculino
Wilfred	masculino
Evan	masculino
Omer	masculino
Ferdinand	masculino
masculinod	masculino
General	masculino
Loren	masculino
Don	masculino
Walker	masculino
Emmet	masculino
Foster	masculino
Dallas	masculino
Perley	masculino
Ezekiel	masculino
Josh	masculino
Isiah	masculino
Francisco	masculino
Clement	masculino
Josiah	masculino
Judson	masculino
Israel	masculino
Junius	masculino
Allie	masculino
Morgan	masculino
Dwight	masculino
Jason	masculino
Adolphus	masculino
Jonathan	masculino
Giles	masculino
Ruben	masculino
Christ	masculino
Benjiman	masculino
Lynn	masculino
Elvin	masculino
Leander	masculino
Granville	masculino
King	masculino
Earle	masculino
Cicero	masculino
Dick	masculino
Lafayette	masculino
Emerson	masculino
Sim	masculino
Oren	masculino
Al	masculino
Pat	masculino
Emile	masculino
Lyman	masculino
Arther	masculino
Dean	masculino
Orrin	masculino
Isom	masculino
Truman	masculino
Washington	masculino
Mitchell	masculino
Lem	masculino
Orlando	masculino
Carlos	masculino
Clem	masculino
Clint	masculino
Caleb	masculino
Allan	masculino
Milo	masculino
Jimmie	masculino
Royal	masculino
Ivan	masculino
Forest	masculino
Gustav	masculino
Addison	masculino
Smith	masculino
Enos	masculino
Harmon	masculino
Wilford	masculino
Ned	masculino
Phil	masculino
Jordan	masculino
Malcolm	masculino
Nels	masculino
Tomas	masculino
Art	masculino
Ulysses	masculino
Gabriel	masculino
Benjamine	masculino
Erwin	masculino
Vern	masculino
Turner	masculino
Randolph	masculino
Alford	masculino
Lucious	masculino
Douglas	masculino
Anna	masculino
Simeon	masculino
Issac	masculino
Hardy	masculino
Merton	masculino
Jules	masculino
Prince	masculino
Coleman	masculino
Finis	masculino
Micheal	masculino
Wash	masculino
Carlton	masculino
Almon	masculino
Rolla	masculino
Sol	masculino
Brown	masculino
Wm	masculino
Mat	masculino
Casper	masculino
Bertram	masculino
Aubrey	masculino
Hosea	masculino
Ellsworth	masculino
Rollin	masculino
Tobe	masculino
Lou	masculino
Hamilton	masculino
Fay	masculino
Buck	masculino
Harris	masculino
Gerald	masculino
Henery	masculino
Steven	masculino
West	masculino
Adelbert	masculino
Ivy	masculino
Axel	masculino
Verne	masculino
Aron	masculino
Elton	masculino
Ephraim	masculino
Bennett	masculino
Alma	masculino
Lenard	masculino
Pedro	masculino
Judge	masculino
Minor	masculino
Nat	masculino
Morton	masculino
Colonel	masculino
Elza	masculino
Wyatt	masculino
Davis	masculino
Frederic	masculino
Johnny	masculino
Wilburn	masculino
Harve	masculino
Fate	masculino
Murray	masculino
Rollie	masculino
Noel	masculino
Sandy	masculino
Dell	masculino
Johnie	masculino
Norris	masculino
Harlan	masculino
Doc	masculino
Logan	masculino
Mason	masculino
Newell	masculino
Henderson	masculino
Merritt	masculino
Wilber	masculino
Valentine	masculino
Merle	masculino
Wellington	masculino
Carter	masculino
Abel	masculino
Cleveland	masculino
Cary	masculino
Adrian	masculino
Gene	masculino
Crawford	masculino
Alphonse	masculino
Curt	masculino
Duncan	masculino
Hal	masculino
Ernst	masculino
Mathias	masculino
Hamp	masculino
Early	masculino
Rich	masculino
Frances	masculino
Hezekiah	masculino
Parker	masculino
Reginald	masculino
Luis	masculino
Lawson	masculino
Benton	masculino
Alton	masculino
Olin	masculino
Beverly	masculino
Chin	masculino
Winfred	masculino
Elihu	masculino
Len	masculino
Solon	masculino
Houston	masculino
Tim	masculino
Lucien	masculino
Pleasant	masculino
Johnson	masculino
Thaddeus	masculino
Erastus	masculino
Lucas	masculino
Burl	masculino
Stuart	masculino
Hampton	masculino
Bart	masculino
Seymour	masculino
Birt	masculino
Pierre	masculino
Lonzo	masculino
Asbury	masculino
Ford	masculino
Orval	masculino
Miller	masculino
Benjaman	masculino
Ransom	masculino
Mortimer	masculino
Tommie	masculino
Loyd	masculino
Omar	masculino
Bee	masculino
Dexter	masculino
Rush	masculino
Shelby	masculino
Alonza	masculino
Wilmer	masculino
Raleigh	masculino
Artie	masculino
Cloyd	masculino
Cal	masculino
Bradley	masculino
Danial	masculino
Lacy	masculino
Finley	masculino
Mont	masculino
Larkin	masculino
Meyer	masculino
Newt	masculino
Sid	masculino
Paris	masculino
Rupert	masculino
Emmitt	masculino
June	masculino
Guss	masculino
Walton	masculino
Angus	masculino
Pleas	masculino
Santiago	masculino
Watson	masculino
Thornton	masculino
Wylie	masculino
Bertie	masculino
Alpha	masculino
Asberry	masculino
Zeb	masculino
Russel	masculino
Willam	masculino
Allison	masculino
Warner	masculino
Soloman	masculino
Anson	masculino
Basil	masculino
Bryant	masculino
Cornelious	masculino
Buford	masculino
Denis	masculino
Edith	masculino
Dana	masculino
Dolph	masculino
Emma	masculino
Byrd	masculino
Cassius	masculino
Elmo	masculino
Freddie	masculino
Berton	masculino
Dillard	masculino
Clair	masculino
Dorsey	masculino
Harper	masculino
Deforest	masculino
Eldridge	masculino
Eric	masculino
Geo	masculino
Haywood	masculino
Orange	masculino
Godfrey	masculino
Lew	masculino
Leland	masculino
Park	masculino
Marshal	masculino
Jean	masculino
Jule	masculino
Ocie	masculino
Margaret	masculino
Milford	masculino
Miguel	masculino
Lambert	masculino
Olen	masculino
Ramon	masculino
Pinkney	masculino
Ottis	masculino
Rafael	masculino
Thad	masculino
Press	masculino
Ples	masculino
Orin	masculino
Randall	masculino
Reece	masculino
Roe	masculino
Bishop	masculino
Isadore	masculino
Billie	masculino
Bartholomew	masculino
Drew	masculino
Vivian	masculino
Archer	masculino
Aloysius	masculino
Willian	masculino
Carey	masculino
Ambers	masculino
Elbridge	masculino
Bailey	masculino
Llewellyn	masculino
Rube	masculino
Lue	masculino
Fritz	masculino
Bessie	masculino
Marcellus	masculino
Eldon	masculino
Ely	masculino
Knox	masculino
Kelly	masculino
Connie	masculino
Gaston	masculino
Jesus	masculino
Young	masculino
Collins	masculino
Elvis	masculino
Hartwell	masculino
Guadalupe	masculino
Herschel	masculino
Manning	masculino
Mervin	masculino
Larry	masculino
Lindsay	masculino
Minnie	masculino
Reed	masculino
Sampson	masculino
Ola	masculino
Unknown	masculino
Palmer	masculino
Thos	masculino
Squire	masculino
Sanders	masculino
Odie	masculino
Samual	masculino
Reese	masculino
Sumner	masculino
Sterling	masculino
Theo	masculino
Todd	masculino
Tommy	masculino
Watt	masculino
Woodie	masculino
Wong	masculino
Alec	masculino
Alphonso	masculino
Wirt	masculino
Auther	masculino
Albion	masculino
Addie	masculino
Alice	masculino
Wendell	masculino
Ammon	masculino
Erving	masculino
Coy	masculino
Doss	masculino
Ballard	masculino
Barton	masculino
Cass	masculino
Chalmer	masculino
Leopold	masculino
Alvis	masculino
Denton	masculino
Cas	masculino
Burley	masculino
Chesley	masculino
Egbert	masculino
Helen	masculino
Elie	masculino
Florence	masculino
Elsworth	masculino
Evans	masculino
Cora	masculino
Edson	masculino
Boss	masculino
Furman	masculino
Elder	masculino
Garland	masculino
Evert	masculino
Gideon	masculino
Percival	masculino
Mahlon	masculino
Garrett	masculino
Justin	masculino
Handy	masculino
Hyrum	masculino
Quincy	masculino
Elzie	masculino
Mac	masculino
Oda	masculino
Sheldon	masculino
Olaf	masculino
Merrill	masculino
Horatio	masculino
Lindsey	masculino
Fredric	masculino
Mart	masculino
Halsey	masculino
Williams	masculino
Levy	masculino
Pierce	masculino
Orson	masculino
Bernhard	masculino
Acie	masculino
Nellie	masculino
Lum	masculino
Isham	masculino
Asher	masculino
Tilman	masculino
Presley	masculino
Alfonso	masculino
Worth	masculino
Roswell	masculino
Bruno	masculino
Ruffus	masculino
Plummer	masculino
Pearlie	masculino
Shirley	masculino
Alois	masculino
Alvie	masculino
Ashley	masculino
Price	masculino
Rollo	masculino
Rex	masculino
York	masculino
Oran	masculino
Vance	masculino
Ted	masculino
Andres	masculino
Augustine	masculino
Burke	masculino
Alvah	masculino
Bertrand	masculino
Alden	masculino
Ashton	masculino
Baxter	masculino
Carrie	masculino
Bird	masculino
Blaine	masculino
Cap	masculino
Billy	masculino
Carson	masculino
Dale	masculino
Dominick	masculino
Dixon	masculino
Gary	masculino
Gregory	masculino
Huey	masculino
Howell	masculino
Ferd	masculino
Collie	masculino
Casimiro	masculino
Curley	masculino
Gee	masculino
Garret	masculino
Hector	masculino
Erasmus	masculino
Hermann	masculino
Heber	masculino
Hall	masculino
Ennis	masculino
Hunter	masculino
Hosteen	masculino
Gerrit	masculino
Griffin	masculino
Isidore	masculino
Hurley	masculino
Lyle	masculino
Humphrey	masculino
Lorenza	masculino
Lafe	masculino
Maud	masculino
Jones	masculino
Melville	masculino
Ivey	masculino
Murphy	masculino
Lonie	masculino
Orrie	masculino
Troy	masculino
Orlo	masculino
Tolbert	masculino
Marian	masculino
Stonewall	masculino
Neil	masculino
Orla	masculino
Toney	masculino
Sebastian	masculino
Starling	masculino
Webb	masculino
Oswald	masculino
Obe	masculino
Richmond	masculino
Thurman	masculino
Stanton	masculino
Obie	masculino
Maude	masculino
Weaver	masculino
Rodney	masculino
Albin	masculino
Vernie	masculino
Adrien	masculino
Otha	masculino
Sydney	masculino
Rutherford	masculino
Alto	masculino
Whit	masculino
Yee	masculino
Uriah	masculino
Annie	masculino
Alf	masculino
Atticus	masculino
Arden	masculino
Antone	masculino
Belton	masculino
Champ	masculino
Augustin	masculino
Authur	masculino
Arlington	masculino
Bertha	masculino
Buster	masculino
Angelo	masculino
Clarke	masculino
Burrell	masculino
Callie	masculino
Bedford	masculino
Author	masculino
Caesar	masculino
Craig	masculino
Clara	masculino
Darrell	masculino
Coley	masculino
Conway	masculino
Darwin	masculino
Cliff	masculino
Colin	masculino
Clarance	masculino
Blair	masculino
Dalton	masculino
Delmar	masculino
Campbell	masculino
Dennie	masculino
Duke	masculino
Ebbie	masculino
Eber	masculino
Ebb	masculino
Dolphus	masculino
Emit	masculino
Elonzo	masculino
Esta	masculino
Essie	masculino
Elmore	masculino
Ephram	masculino
Emry	masculino
Ellison	masculino
Edna	masculino
Esequiel	masculino
Ida	masculino
Flem	masculino
Golden	masculino
Ethel	masculino
Evertt	masculino
Garnett	masculino
Fleming	masculino
Hardie	masculino
Fayette	masculino
Graham	masculino
Halbert	masculino
Julious	masculino
Hudson	masculino
Garner	masculino
Gregg	masculino
Gabe	masculino
Jared	masculino
Harvy	masculino
Harvie	masculino
Hilliard	masculino
Gustaf	masculino
Hollis	masculino
Gustavus	masculino
Hayes	masculino
Hubbard	masculino
Hardin	masculino
Jonah	masculino
Loy	masculino
Joesph	masculino
Kirby	masculino
Juluis	masculino
Johnathan	masculino
Marrion	masculino
Jere	masculino
Less	masculino
Lawerence	masculino
Justus	masculino
Mannie	masculino
Linwood	masculino
Lucy	masculino
Louise	masculino
Lincoln	masculino
Lane	masculino
Kyle	masculino
Malachi	masculino
Marcel	masculino
Lowell	masculino
Layton	masculino
Prosper	masculino
Shannon	masculino
Verner	masculino
Marius	masculino
Math	masculino
Orley	masculino
Monte	masculino
Nolan	masculino
Okey	masculino
Talmage	masculino
Weldon	masculino
Manly	masculino
Rene	masculino
Urban	masculino
Wilton	masculino
Page	masculino
Mercer	masculino
Rolland	masculino
Montgomery	masculino
Roll	masculino
Seward	masculino
Primus	masculino
Robin	masculino
Philo	masculino
Waverly	masculino
Pryor	masculino
Wiliam	masculino
Wells	masculino
Wood	masculino
Vaughn	masculino
John	masculino
Adelard	masculino
Add	masculino
Webster	masculino
Wing	masculino
Ab	masculino
Mary	feminino
Anna	feminino
Elizabeth	feminino
Emma	feminino
Helen	feminino
Minnie	feminino
Margaret	feminino
Cora	feminino
Mabel	feminino
Ida	feminino
Florence	feminino
Carrie	feminino
Alice	feminino
Rose	feminino
Annie	feminino
Nellie	feminino
Sarah	feminino
Grace	feminino
Martha	feminino
Gertrude	feminino
Edith	feminino
Clara	feminino
Ella	feminino
Bertha	feminino
Maude	feminino
Laura	feminino
Jennie	feminino
Julia	feminino
Mattie	feminino
Bessie	feminino
Ada	feminino
Hattie	feminino
Jessie	feminino
Edna	feminino
Lula	feminino
Myrtle	feminino
Catherine	feminino
Ethel	feminino
Lillie	feminino
Lillian	feminino
Louise	feminino
Josephine	feminino
Eva	feminino
Blanche	feminino
Lena	feminino
Frances	feminino
Fannie	feminino
Lucy	feminino
Maggie	feminino
Agnes	feminino
Stella	feminino
Rosa	feminino
Marie	feminino
Daisy	feminino
Pearl	feminino
Katherine	feminino
Sallie	feminino
Nora	feminino
Caroline	feminino
Nancy	feminino
Effie	feminino
Mamie	feminino
Maud	feminino
Dora	feminino
Sadie	feminino
Susie	feminino
Ellen	feminino
Nettie	feminino
May	feminino
Mae	feminino
Eliza	feminino
Lizzie	feminino
Kate	feminino
Georgia	feminino
Della	feminino
Katie	feminino
Harriet	feminino
Rebecca	feminino
Olive	feminino
Flora	feminino
Mollie	feminino
Addie	feminino
Jane	feminino
Ruth	feminino
Nannie	feminino
Susan	feminino
Amanda	feminino
Lydia	feminino
Charlotte	feminino
Emily	feminino
Hannah	feminino
Etta	feminino
Amelia	feminino
Virginia	feminino
Belle	feminino
Matilda	feminino
Alma	feminino
Elsie	feminino
Viola	feminino
Lulu	feminino
Lottie	feminino
Irene	feminino
Henrietta	feminino
Kathryn	feminino
Eleanor	feminino
Sara	feminino
Lou	feminino
Amy	feminino
Pauline	feminino
Willie	feminino
Estella	feminino
Ora	feminino
Estelle	feminino
Barbara	feminino
Ollie	feminino
Rachel	feminino
Nina	feminino
Anne	feminino
Esther	feminino
Inez	feminino
Louisa	feminino
Theresa	feminino
Sophia	feminino
Mayme	feminino
Ann	feminino
Luella	feminino
Lola	feminino
Josie	feminino
Leona	feminino
Dorothy	feminino
Delia	feminino
Bettie	feminino
Augusta	feminino
Marion	feminino
Callie	feminino
Evelyn	feminino
Mildred	feminino
Lela	feminino
Iva	feminino
Beulah	feminino
Maria	feminino
Betty	feminino
Janie	feminino
Millie	feminino
Alta	feminino
Allie	feminino
Rosie	feminino
Cornelia	feminino
Birdie	feminino
Alberta	feminino
Winifred	feminino
Myra	feminino
Sally	feminino
Beatrice	feminino
Leila	feminino
Ruby	feminino
Celia	feminino
Eula	feminino
Christine	feminino
Sylvia	feminino
Rena	feminino
Victoria	feminino
Harriett	feminino
Adelaide	feminino
Mable	feminino
Sophie	feminino
Carolyn	feminino
Isabelle	feminino
Tillie	feminino
Lora	feminino
Isabel	feminino
Hettie	feminino
Ina	feminino
Mathilda	feminino
Essie	feminino
Rhoda	feminino
Mina	feminino
Bertie	feminino
Nell	feminino
Lenora	feminino
Dollie	feminino
Katharine	feminino
Johanna	feminino
Eunice	feminino
Abbie	feminino
Christina	feminino
Ola	feminino
Lettie	feminino
Hilda	feminino
Bernice	feminino
Minerva	feminino
Cynthia	feminino
Lilly	feminino
Nelle	feminino
Fanny	feminino
Roxie	feminino
Lelia	feminino
Sue	feminino
Helena	feminino
Hulda	feminino
Lucinda	feminino
Cordelia	feminino
Francis	feminino
Genevieve	feminino
Marian	feminino
Jean	feminino
Lida	feminino
Olga	feminino
Vera	feminino
Jeanette	feminino
Emilie	feminino
Hester	feminino
Bess	feminino
John	feminino
Leah	feminino
Lois	feminino
Phoebe	feminino
Mittie	feminino
Marguerite	feminino
Lura	feminino
Adeline	feminino
Elva	feminino
Gussie	feminino
Lina	feminino
Cecelia	feminino
Isabella	feminino
Hallie	feminino
Winnie	feminino
Teresa	feminino
Rosetta	feminino
Cecilia	feminino
Claudia	feminino
Myrtie	feminino
Verna	feminino
Elnora	feminino
Loretta	feminino
Georgie	feminino
Violet	feminino
Linnie	feminino
Olivia	feminino
Madge	feminino
Polly	feminino
Adele	feminino
Lucile	feminino
Ophelia	feminino
Lucille	feminino
Meta	feminino
Eugenia	feminino
Lily	feminino
Angie	feminino
Virgie	feminino
Lilla	feminino
Regina	feminino
Lila	feminino
Mabelle	feminino
Selma	feminino
Rosalie	feminino
Malinda	feminino
Dessie	feminino
Vina	feminino
Georgiana	feminino
Kittie	feminino
Bridget	feminino
Louella	feminino
Wilhelmina	feminino
Mandy	feminino
William	feminino
Artie	feminino
Freda	feminino
Bell	feminino
Jeannette	feminino
Melissa	feminino
Roberta	feminino
Norma	feminino
Lyda	feminino
Dovie	feminino
Irma	feminino
Corinne	feminino
Ivy	feminino
Gertie	feminino
Lucretia	feminino
Naomi	feminino
Nona	feminino
Cassie	feminino
Elma	feminino
Elvira	feminino
Zella	feminino
Erma	feminino
Blanch	feminino
Margie	feminino
Orpha	feminino
Lorena	feminino
Janet	feminino
Catharine	feminino
Annette	feminino
Leota	feminino
Alvina	feminino
Geneva	feminino
Leora	feminino
Charity	feminino
Lee	feminino
Lona	feminino
Tennie	feminino
Joanna	feminino
Miriam	feminino
Priscilla	feminino
Linda	feminino
Sudie	feminino
Zula	feminino
Zora	feminino
Leonora	feminino
Octavia	feminino
Alpha	feminino
Adella	feminino
Frieda	feminino
George	feminino
Letha	feminino
Goldie	feminino
Zoe	feminino
Adah	feminino
Flossie	feminino
Elise	feminino
Retta	feminino
Hanna	feminino
Angeline	feminino
Margret	feminino
Minta	feminino
Rosella	feminino
Berta	feminino
Floy	feminino
Docia	feminino
Adaline	feminino
Elisabeth	feminino
Juanita	feminino
Leola	feminino
Idella	feminino
Ettie	feminino
Lucie	feminino
Lenna	feminino
Isabell	feminino
James	feminino
Vivian	feminino
Malissa	feminino
Pattie	feminino
Eda	feminino
Nola	feminino
Letitia	feminino
Mariah	feminino
Hazel	feminino
Missouri	feminino
Julie	feminino
Aurelia	feminino
Madeline	feminino
Almeda	feminino
Claire	feminino
Samantha	feminino
Pinkie	feminino
Jannie	feminino
Melvina	feminino
Susanna	feminino
Kathleen	feminino
Marietta	feminino
Ona	feminino
Dolly	feminino
Lavinia	feminino
Kathrine	feminino
Donnie	feminino
Zelma	feminino
Clementine	feminino
Gladys	feminino
Lutie	feminino
Edythe	feminino
Adelia	feminino
Antoinette	feminino
Vesta	feminino
Libbie	feminino
Meda	feminino
Pearle	feminino
Chloe	feminino
Antonia	feminino
Iona	feminino
Matie	feminino
Harriette	feminino
Lue	feminino
Lilian	feminino
Dona	feminino
Elsa	feminino
Annetta	feminino
Vinnie	feminino
Tena	feminino
Magdalena	feminino
Lessie	feminino
Georgianna	feminino
Gracie	feminino
Rita	feminino
Elizebeth	feminino
Neva	feminino
Mertie	feminino
Leta	feminino
Liza	feminino
Molly	feminino
Oma	feminino
Ellie	feminino
Frankie	feminino
Alida	feminino
Donna	feminino
Alva	feminino
Cecile	feminino
Queen	feminino
Ernestine	feminino
Minna	feminino
Agatha	feminino
Cleo	feminino
Helene	feminino
Rilla	feminino
Savannah	feminino
Myrta	feminino
Evie	feminino
Prudence	feminino
Anita	feminino
Velma	feminino
Marjorie	feminino
Luvenia	feminino
America	feminino
Clare	feminino
Tessie	feminino
Pearlie	feminino
Tina	feminino
Dorothea	feminino
Arminta	feminino
Nan	feminino
Ira	feminino
Iola	feminino
Ila	feminino
Sidney	feminino
Mellie	feminino
Maybelle	feminino
Ludie	feminino
Constance	feminino
Dixie	feminino
Luna	feminino
Louvenia	feminino
June	feminino
Jimmie	feminino
Adda	feminino
Metta	feminino
Sophronia	feminino
Avis	feminino
Cecil	feminino
Patsy	feminino
Lucia	feminino
Phebe	feminino
Odessa	feminino
Betsy	feminino
Bella	feminino
Louie	feminino
Ava	feminino
Emmaline	feminino
Hortense	feminino
Clyde	feminino
Cordie	feminino
Carolina	feminino
Mona	feminino
Melinda	feminino
Veronica	feminino
Lovie	feminino
Marcella	feminino
Ethelyn	feminino
Bonnie	feminino
Fay	feminino
Aimee	feminino
Magdalene	feminino
Dena	feminino
Peggy	feminino
Lonnie	feminino
Eleanore	feminino
Elmira	feminino
Annabel	feminino
Loula	feminino
Kizzie	feminino
Celina	feminino
Frank	feminino
Claudie	feminino
Christena	feminino
Vida	feminino
Abigail	feminino
Reba	feminino
Mettie	feminino
Dolores	feminino
Connie	feminino
Deborah	feminino
Dessa	feminino
Serena	feminino
Cathrine	feminino
Jenny	feminino
Celestine	feminino
Zada	feminino
Mintie	feminino
Daisie	feminino
Easter	feminino
Clemmie	feminino
Emelia	feminino
Eddie	feminino
Joan	feminino
Charles	feminino
Lenore	feminino
Beryl	feminino
Lotta	feminino
Nevada	feminino
Emmie	feminino
Mame	feminino
India	feminino
Imogene	feminino
Liddie	feminino
Willa	feminino
Sina	feminino
Effa	feminino
Jeanne	feminino
Daisey	feminino
Rachael	feminino
Aline	feminino
Era	feminino
Mathilde	feminino
Mazie	feminino
Lennie	feminino
Gena	feminino
Emmer	feminino
Eldora	feminino
Dorcas	feminino
Iris	feminino
Malvina	feminino
Izora	feminino
Eloise	feminino
Anastasia	feminino
Henry	feminino
Edmonia	feminino
Queenie	feminino
Robert	feminino
Lissie	feminino
Therese	feminino
Mallie	feminino
Theodora	feminino
Rosina	feminino
Delilah	feminino
Wanda	feminino
Altha	feminino
Wilda	feminino
Besse	feminino
Fern	feminino
Vena	feminino
Claude	feminino
Juliet	feminino
Salome	feminino
Emelie	feminino
Bird	feminino
Erna	feminino
Leonie	feminino
Manerva	feminino
Clarissa	feminino
Birtie	feminino
Florida	feminino
Rae	feminino
Frona	feminino
Diana	feminino
Manda	feminino
Mammie	feminino
Amber	feminino
Dell	feminino
Nella	feminino
Corda	feminino
Anner	feminino
Selina	feminino
Althea	feminino
Joseph	feminino
Lugenia	feminino
Clarice	feminino
Hilma	feminino
Philomena	feminino
Manie	feminino
Amalia	feminino
Arie	feminino
Vernie	feminino
Annabelle	feminino
Tommie	feminino
Theodosia	feminino
Emilia	feminino
Paulina	feminino
Una	feminino
Sena	feminino
Esta	feminino
Corrie	feminino
Adela	feminino
Angelina	feminino
Donie	feminino
Doris	feminino
Dellar	feminino
Elinor	feminino
Elda	feminino
Estell	feminino
Etha	feminino
Emeline	feminino
Hope	feminino
Ione	feminino
Jettie	feminino
Paula	feminino
Marcia	feminino
Fred	feminino
Lavina	feminino
Josiephine	feminino
Kitty	feminino
Roxanna	feminino
Margarette	feminino
Oda	feminino
Maudie	feminino
Norah	feminino
Letta	feminino
Indiana	feminino
Maye	feminino
Vada	feminino
Leda	feminino
Johnnie	feminino
Mahala	feminino
Rosalia	feminino
Patty	feminino
Sula	feminino
Dicie	feminino
Almira	feminino
Cordia	feminino
Bernadette	feminino
Camille	feminino
Permelia	feminino
Alvena	feminino
Bennie	feminino
Arizona	feminino
Winnifred	feminino
Adline	feminino
Becky	feminino
Dove	feminino
Lovina	feminino
Leslie	feminino
Huldah	feminino
Corine	feminino
Drusilla	feminino
Idell	feminino
Evalyn	feminino
Ethyl	feminino
Elmina	feminino
Elena	feminino
Evelina	feminino
Inga	feminino
Elenora	feminino
Media	feminino
Kattie	feminino
Orilla	feminino
Lavenia	feminino
Margery	feminino
Ocie	feminino
Osie	feminino
Nena	feminino
Faye	feminino
Magnolia	feminino
Margeret	feminino
Jewell	feminino
Rosia	feminino
Irena	feminino
Shirley	feminino
Zetta	feminino
Albina	feminino
Rowena	feminino
Ray	feminino
Lulie	feminino
Dillie	feminino
Angela	feminino
Walter	feminino
Carra	feminino
Doshie	feminino
Carol	feminino
Clarinda	feminino
Zona	feminino
Thomas	feminino
Alyce	feminino
Delphia	feminino
Annis	feminino
Eulalia	feminino
Eve	feminino
Albertina	feminino
Geraldine	feminino
Pansy	feminino
Gina	feminino
Verdie	feminino
Millicent	feminino
Etna	feminino
Florance	feminino
Tabitha	feminino
Eugenie	feminino
Felicia	feminino
Drucilla	feminino
Fronie	feminino
Zoa	feminino
Amie	feminino
Clarence	feminino
Jossie	feminino
Leone	feminino
Jessica	feminino
Leanna	feminino
Katheryn	feminino
Loma	feminino
Lea	feminino
Leitha	feminino
Glenna	feminino
Lular	feminino
Minervia	feminino
Grayce	feminino
Olie	feminino
Hedwig	feminino
Magdalen	feminino
Neppie	feminino
Katy	feminino
Lidie	feminino
Theo	feminino
Rella	feminino
Yetta	feminino
Osa	feminino
Patience	feminino
Tressa	feminino
Tilda	feminino
Rillie	feminino
Zena	feminino
Alda	feminino
Muriel	feminino
Paralee	feminino
Maymie	feminino
Ardella	feminino
Onie	feminino
Rosanna	feminino
Abby	feminino
Viva	feminino
Otelia	feminino
Aileen	feminino
Alba	feminino
Alverta	feminino
Ara	feminino
Augustine	feminino
Tishie	feminino
Carey	feminino
Ardelia	feminino
Bama	feminino
Aurora	feminino
Arvilla	feminino
Zola	feminino
Classie	feminino
Celestia	feminino
Calla	feminino
Byrd	feminino
Alla	feminino
Camilla	feminino
Cherry	feminino
Euphemia	feminino
Dee	feminino
Creola	feminino
Clifford	feminino
Clemie	feminino
Bena	feminino
Erie	feminino
Eleanora	feminino
Doshia	feminino
Cinda	feminino
Faith	feminino
Arrie	feminino
Ednah	feminino
Electa	feminino
Dinah	feminino
Clyda	feminino
Eola	feminino
Leo	feminino
Hermine	feminino
Hessie	feminino
Freddie	feminino
Janette	feminino
Claudine	feminino
Edyth	feminino
Carlotta	feminino
Evaline	feminino
Lacy	feminino
Helma	feminino
Evalena	feminino
Jennette	feminino
Harry	feminino
Joella	feminino
Liller	feminino
Lillis	feminino
Debbie	feminino
Golda	feminino
Lauretta	feminino
Leana	feminino
Kathryne	feminino
Leatha	feminino
Eudora	feminino
Ivah	feminino
Lanie	feminino
Fidelia	feminino
Madie	feminino
Louetta	feminino
Minda	feminino
Melva	feminino
Martina	feminino
Mercedes	feminino
Mima	feminino
Odelia	feminino
Netta	feminino
Nealie	feminino
Mai	feminino
Mena	feminino
Maryann	feminino
Monica	feminino
Phyllis	feminino
Merle	feminino
Nolia	feminino
Sada	feminino
Sammie	feminino
Vallie	feminino
Suzanne	feminino
Ottilie	feminino
Winona	feminino
Sabina	feminino
Venie	feminino
Nonie	feminino
Robbie	feminino
Sybilla	feminino
Tressie	feminino
Viney	feminino
Zilpha	feminino
Wilhelmine	feminino
Thea	feminino
Bulah	feminino
Adelle	feminino
Delila	feminino
Araminta	feminino
Alys	feminino
Albertine	feminino
Adina	feminino
Adrienne	feminino
Charlotta	feminino
Celie	feminino
Edgar	feminino
Zelda	feminino
Elmire	feminino
Ena	feminino
Glenn	feminino
Concepcion	feminino
Dosha	feminino
Cordella	feminino
Caddie	feminino
Arthur	feminino
Delphine	feminino
Ana	feminino
Elaine	feminino
Ellar	feminino
Clair	feminino
Etter	feminino
Corrine	feminino
Birtha	feminino
Estie	feminino
Fronnie	feminino
Gracia	feminino
Genie	feminino
Elisa	feminino
Elvina	feminino
Jewel	feminino
Guadalupe	feminino
Gwendolyn	feminino
Joe	feminino
Lella	feminino
Honora	feminino
Georgina	feminino
Isadora	feminino
Isa	feminino
Judy	feminino
Icy	feminino
Hassie	feminino
Jesse	feminino
Juana	feminino
Johannah	feminino
Junie	feminino
Letty	feminino
Linna	feminino
Littie	feminino
Lavonia	feminino
Love	feminino
Mahalia	feminino
Manervia	feminino
Louis	feminino
Judith	feminino
Lemma	feminino
Madora	feminino
Lynn	feminino
Lorene	feminino
Lucina	feminino
Lollie	feminino
Lovisa	feminino
Manuela	feminino
Margarett	feminino
Margaretta	feminino
Ottilia	feminino
Ossie	feminino
Opal	feminino
Nolie	feminino
Natalie	feminino
Mozella	feminino
Margarita	feminino
Nelia	feminino
Reta	feminino
Mignon	feminino
Omie	feminino
Parthenia	feminino
Ottie	feminino
Marilla	feminino
Rennie	feminino
Penelope	feminino
Tempie	feminino
Pinkey	feminino
Pollie	feminino
Thelma	feminino
Sabra	feminino
Roseanna	feminino
Rosalee	feminino
Roena	feminino
Ruthie	feminino
Sannie	feminino
Theda	feminino
Tella	feminino
Selena	feminino
Sibyl	feminino
Teressa	feminino
Thursa	feminino
Tennessee	feminino
Verona	feminino
Vertie	feminino
Ula	feminino
Texas	feminino
Chanie	feminino
Alcie	feminino
Andrea	feminino
Alfreda	feminino
Anastacia	feminino
Cammie	feminino
Chaney	feminino
Wilma	feminino
Aria	feminino
Vannie	feminino
Almyra	feminino
Alicia	feminino
Charlottie	feminino
Celesta	feminino
Cara	feminino
Allene	feminino
Aggie	feminino
Arminda	feminino
Adell	feminino
Buena	feminino
Berdie	feminino
Archie	feminino
Christiana	feminino
Charlie	feminino
Aura	feminino
Audrey	feminino
Celeste	feminino
Avie	feminino
Calista	feminino
Clora	feminino
Deliah	feminino
Dana	feminino
Delfina	feminino
Christene	feminino
Coralie	feminino
Chrissie	feminino
Cleora	feminino
David	feminino
Dulcie	feminino
Dave	feminino
Dean	feminino
Delina	feminino
Earl	feminino
Dayse	feminino
Emaline	feminino
Eleonora	feminino
Elta	feminino
Edward	feminino
Delle	feminino
Donia	feminino
Elza	feminino
Edwina	feminino
Eulah	feminino
Ela	feminino
Dicy	feminino
Mary	feminino
Elvie	feminino
Ester	feminino
Eulalie	feminino
Elzada	feminino
Euna	feminino
Anna	feminino
Ella	feminino
Margaret	feminino
Carrie	feminino
Alice	feminino
Emma	feminino
Clara	feminino
Elizabeth	feminino
Florence	feminino
Minnie	feminino
Grace	feminino
Sarah	feminino
Ida	feminino
Bertha	feminino
Annie	feminino
Laura	feminino
Nellie	feminino
Cora	feminino
Martha	feminino
Hattie	feminino
Rose	feminino
Maude	feminino
Lillian	feminino
Jessie	feminino
Edith	feminino
Myrtle	feminino
Gertrude	feminino
Mabel	feminino
Bessie	feminino
Lillie	feminino
Jennie	feminino
Julia	feminino
Eva	feminino
Mattie	feminino
Ethel	feminino
Lula	feminino
Lucy	feminino
Edna	feminino
Ada	feminino
Dora	feminino
Lena	feminino
Louise	feminino
Fannie	feminino
Frances	feminino
Helen	feminino
Pearl	feminino
Josephine	feminino
Maggie	feminino
Katherine	feminino
Catherine	feminino
Rosa	feminino
Daisy	feminino
Marie	feminino
Effie	feminino
Susie	feminino
Blanche	feminino
Della	feminino
Nancy	feminino
Sallie	feminino
May	feminino
Stella	feminino
Nora	feminino
Agnes	feminino
Nettie	feminino
Ellen	feminino
Lizzie	feminino
Mamie	feminino
Sadie	feminino
Lydia	feminino
Caroline	feminino
Lulu	feminino
Maud	feminino
Susan	feminino
Katie	feminino
Addie	feminino
Harriet	feminino
Ruth	feminino
Etta	feminino
Elsie	feminino
Flora	feminino
Alma	feminino
Lottie	feminino
Mollie	feminino
Mae	feminino
Virginia	feminino
Belle	feminino
Kate	feminino
Charlotte	feminino
Viola	feminino
Amanda	feminino
Kathryn	feminino
Nannie	feminino
Rebecca	feminino
Emily	feminino
Georgia	feminino
Jane	feminino
Eliza	feminino
Willie	feminino
Amelia	feminino
Olive	feminino
Irene	feminino
Josie	feminino
Pauline	feminino
Beulah	feminino
Augusta	feminino
Ollie	feminino
Hannah	feminino
Ora	feminino
Esther	feminino
Theresa	feminino
Henrietta	feminino
Matilda	feminino
Mildred	feminino
Sara	feminino
Rachel	feminino
Estella	feminino
Leona	feminino
Anne	feminino
Sophia	feminino
Estelle	feminino
Lela	feminino
Ann	feminino
Louisa	feminino
Luella	feminino
Millie	feminino
Barbara	feminino
Maria	feminino
Nina	feminino
Amy	feminino
Lola	feminino
Iva	feminino
Lou	feminino
Celia	feminino
Mayme	feminino
Ola	feminino
Eleanor	feminino
Mable	feminino
Callie	feminino
Alta	feminino
Victoria	feminino
Delia	feminino
Evelyn	feminino
Bettie	feminino
Ruby	feminino
Inez	feminino
Janie	feminino
Allie	feminino
Marion	feminino
Dorothy	feminino
Lucinda	feminino
Betty	feminino
Rena	feminino
Ina	feminino
Dollie	feminino
Abbie	feminino
Birdie	feminino
Harriett	feminino
Rosie	feminino
Winifred	feminino
Leila	feminino
Lora	feminino
Eunice	feminino
Isabelle	feminino
Winnie	feminino
Beatrice	feminino
Sally	feminino
Eula	feminino
Tillie	feminino
Sophie	feminino
Rhoda	feminino
Isabel	feminino
Nell	feminino
Christina	feminino
Lelia	feminino
Essie	feminino
Myra	feminino
Christine	feminino
Katharine	feminino
Roxie	feminino
Mathilda	feminino
Nelle	feminino
Sue	feminino
Bertie	feminino
Lettie	feminino
Lenora	feminino
Sylvia	feminino
Alberta	feminino
Linnie	feminino
Adelaide	feminino
Fanny	feminino
Cornelia	feminino
Hettie	feminino
Lida	feminino
Helena	feminino
Carolyn	feminino
Adeline	feminino
Johanna	feminino
Mina	feminino
Loretta	feminino
Genevieve	feminino
Hester	feminino
Lilly	feminino
Mittie	feminino
Naomi	feminino
Lois	feminino
Elva	feminino
Cecelia	feminino
Minerva	feminino
Claudia	feminino
Bess	feminino
Hazel	feminino
Leah	feminino
Olivia	feminino
Lucretia	feminino
Marguerite	feminino
Gussie	feminino
Polly	feminino
Wilhelmina	feminino
Isabella	feminino
Lucille	feminino
Cynthia	feminino
Rosetta	feminino
Teresa	feminino
Selma	feminino
Cordelia	feminino
Vera	feminino
Hilda	feminino
Elnora	feminino
Francis	feminino
Bernice	feminino
Phoebe	feminino
Lura	feminino
Lily	feminino
Myrtie	feminino
Dessie	feminino
Jean	feminino
Catharine	feminino
Jeannette	feminino
Lyda	feminino
Lila	feminino
Louella	feminino
Adele	feminino
Roberta	feminino
Hulda	feminino
Angie	feminino
Madge	feminino
Elma	feminino
Violet	feminino
Virgie	feminino
Regina	feminino
Eugenia	feminino
Lee	feminino
Ivy	feminino
Gladys	feminino
Elvira	feminino
Goldie	feminino
Melissa	feminino
Linda	feminino
Mandy	feminino
Zella	feminino
Marian	feminino
Lina	feminino
Malinda	feminino
Emilie	feminino
Nona	feminino
Cecilia	feminino
Jeanette	feminino
Bridget	feminino
Leola	feminino
Gertie	feminino
Irma	feminino
Hallie	feminino
Georgie	feminino
Lucile	feminino
Geneva	feminino
Dolly	feminino
Olga	feminino
Lilla	feminino
Margie	feminino
Letha	feminino
Nola	feminino
Molly	feminino
Freda	feminino
Dovie	feminino
George	feminino
Adah	feminino
Verna	feminino
Meta	feminino
William	feminino
Mabelle	feminino
Flossie	feminino
Janet	feminino
Antoinette	feminino
Alvina	feminino
Bell	feminino
Alpha	feminino
Cassie	feminino
Mertie	feminino
Louie	feminino
Erma	feminino
Blanch	feminino
Norma	feminino
Sudie	feminino
John	feminino
Lona	feminino
Johnnie	feminino
Priscilla	feminino
Miriam	feminino
Ophelia	feminino
Zula	feminino
Ellie	feminino
Lorena	feminino
Annette	feminino
Vina	feminino
Rosalie	feminino
Bonnie	feminino
Corinne	feminino
Juanita	feminino
Elisabeth	feminino
Elsa	feminino
Kittie	feminino
Melvina	feminino
Orpha	feminino
Cecile	feminino
Tennie	feminino
Frieda	feminino
Frankie	feminino
James	feminino
Bella	feminino
Gracie	feminino
Leota	feminino
Maudie	feminino
Dona	feminino
Vivian	feminino
Savannah	feminino
Georgianna	feminino
Eda	feminino
Vinnie	feminino
Almeda	feminino
Elise	feminino
Artie	feminino
Dena	feminino
Anita	feminino
Claire	feminino
Leora	feminino
Leonora	feminino
Charity	feminino
Liza	feminino
Cleo	feminino
Kitty	feminino
Nan	feminino
Margret	feminino
Ernestine	feminino
Julie	feminino
Adelia	feminino
Harriette	feminino
Dorothea	feminino
Isabell	feminino
Angeline	feminino
Leta	feminino
Joanna	feminino
Lennie	feminino
Zoe	feminino
Jimmie	feminino
Pearlie	feminino
Georgiana	feminino
Pearle	feminino
Lue	feminino
Clare	feminino
Marietta	feminino
Ila	feminino
Susanna	feminino
Helene	feminino
Rilla	feminino
Zora	feminino
Ona	feminino
Libbie	feminino
Adda	feminino
Phebe	feminino
Rita	feminino
Vesta	feminino
Edythe	feminino
Magdalena	feminino
Evie	feminino
Oma	feminino
Letitia	feminino
Ettie	feminino
Kathrine	feminino
Adaline	feminino
Velma	feminino
Octavia	feminino
Tina	feminino
Cathrine	feminino
Nella	feminino
Tena	feminino
Lavina	feminino
Ava	feminino
Emmie	feminino
Fay	feminino
Iona	feminino
Lessie	feminino
Matie	feminino
Isa	feminino
Reba	feminino
Hanna	feminino
Clyde	feminino
Elmira	feminino
Retta	feminino
Hilma	feminino
Luna	feminino
Mellie	feminino
Pinkie	feminino
Charles	feminino
Missouri	feminino
Floy	feminino
Alida	feminino
Zelma	feminino
Adella	feminino
Cecil	feminino
Eugenie	feminino
Katheryn	feminino
India	feminino
Lilian	feminino
Lotta	feminino
June	feminino
Lutie	feminino
Lucia	feminino
Maybelle	feminino
Aurelia	feminino
Sophronia	feminino
Albina	feminino
Sidney	feminino
Tilda	feminino
Malissa	feminino
Donna	feminino
Arvilla	feminino
Inga	feminino
Jenny	feminino
Celeste	feminino
Lauretta	feminino
Odessa	feminino
Queen	feminino
Neva	feminino
Pattie	feminino
Marjorie	feminino
Adell	feminino
Chloe	feminino
Berta	feminino
Veronica	feminino
Constance	feminino
Magdalene	feminino
Madeline	feminino
Lavinia	feminino
Deborah	feminino
Loula	feminino
Hortense	feminino
Docia	feminino
Donnie	feminino
Imogene	feminino
Eloise	feminino
Iola	feminino
Opal	feminino
Vida	feminino
Una	feminino
Mazie	feminino
Mame	feminino
Manda	feminino
Annabelle	feminino
Florida	feminino
Alva	feminino
Mona	feminino
Antonia	feminino
Betsy	feminino
Myrta	feminino
Mahala	feminino
Henry	feminino
Paralee	feminino
Ludie	feminino
Malvina	feminino
Lenna	feminino
Idella	feminino
Norah	feminino
Marcia	feminino
Kathleen	feminino
Mariah	feminino
Serena	feminino
Sina	feminino
Vernie	feminino
Minta	feminino
Magnolia	feminino
Faye	feminino
Dell	feminino
Tressie	feminino
Camille	feminino
Patsy	feminino
Connie	feminino
Natalie	feminino
Permelia	feminino
Samantha	feminino
Rosella	feminino
Altha	feminino
Aline	feminino
Aimee	feminino
Alda	feminino
Tessie	feminino
Anastasia	feminino
Amalia	feminino
America	feminino
Kattie	feminino
Jeanne	feminino
Easter	feminino
Leslie	feminino
Cordie	feminino
Celina	feminino
Geraldine	feminino
Audrey	feminino
Ethelyn	feminino
Camilla	feminino
Christena	feminino
Carol	feminino
Annetta	feminino
Eddie	feminino
Leatha	feminino
Ocie	feminino
Lovina	feminino
Thomas	feminino
Ray	feminino
Melinda	feminino
Sena	feminino
Mettie	feminino
Lonie	feminino
Ottilie	feminino
Philomena	feminino
Mathilde	feminino
Muriel	feminino
Agatha	feminino
Almira	feminino
Doris	feminino
Arrie	feminino
Delilah	feminino
Daisie	feminino
Dixie	feminino
Walter	feminino
Dolores	feminino
Winona	feminino
Aura	feminino
Eveline	feminino
Zadie	feminino
Carolina	feminino
Grayce	feminino
Fern	feminino
Ione	feminino
Elta	feminino
Glenna	feminino
Emelia	feminino
Eve	feminino
Joe	feminino
Mintie	feminino
Willa	feminino
Vallie	feminino
Nanie	feminino
Marcella	feminino
Lenore	feminino
Rosalia	feminino
Ana	feminino
Joseph	feminino
Leone	feminino
Doshia	feminino
Judith	feminino
Elvina	feminino
Huldah	feminino
Minna	feminino
Wilma	feminino
Era	feminino
Maye	feminino
Becky	feminino
Zola	feminino
Lelah	feminino
Petra	feminino
Mammie	feminino
Rella	feminino
Angela	feminino
Bennie	feminino
Corrine	feminino
Vada	feminino
Lucie	feminino
Delphine	feminino
Claude	feminino
Amie	feminino
Frank	feminino
Metta	feminino
Monica	feminino
Corrie	feminino
Honora	feminino
Frona	feminino
Fred	feminino
Elvie	feminino
Evelina	feminino
Genie	feminino
Glennie	feminino
Janette	feminino
Juliette	feminino
Juliet	feminino
Jannie	feminino
Kizzie	feminino
Mercy	feminino
Lovie	feminino
Paula	feminino
Miranda	feminino
Oda	feminino
Mannie	feminino
Margaretta	feminino
Osa	feminino
Mallie	feminino
Nana	feminino
Berdie	feminino
Zona	feminino
Althea	feminino
Zilpah	feminino
Selina	feminino
Byrdie	feminino
Robert	feminino
Sibyl	feminino
Angelina	feminino
Almedia	feminino
Beryl	feminino
Besse	feminino
Prudence	feminino
Ara	feminino
Abigail	feminino
Anner	feminino
Carlotta	feminino
Claribel	feminino
Clifford	feminino
Emmer	feminino
Dillie	feminino
Clarice	feminino
Ira	feminino
Calla	feminino
Elizebeth	feminino
Exie	feminino
Justine	feminino
Edwina	feminino
Felicia	feminino
Iris	feminino
Coral	feminino
Clemmie	feminino
Juana	feminino
Esta	feminino
Louvenia	feminino
Elinor	feminino
Jettie	feminino
Maymie	feminino
Narcissus	feminino
Meda	feminino
Leanna	feminino
Leonie	feminino
Onie	feminino
Malissie	feminino
Theo	feminino
Manie	feminino
Margery	feminino
Myrtice	feminino
Pansy	feminino
Arabella	feminino
Rosanna	feminino
Nonie	feminino
Paulina	feminino
Abby	feminino
Rachael	feminino
Delila	feminino
Zada	feminino
Theresia	feminino
Winnifred	feminino
Victorine	feminino
Tommie	feminino
Rosamond	feminino
Ardella	feminino
Diana	feminino
Arminta	feminino
Alicia	feminino
Adela	feminino
Carmen	feminino
Vessie	feminino
Valeria	feminino
Cordia	feminino
Audie	feminino
Alla	feminino
Cammie	feminino
Drucilla	feminino
Alfreda	feminino
Wilhelmine	feminino
Claudie	feminino
Edyth	feminino
Dottie	feminino
Dicie	feminino
Arminda	feminino
Dessa	feminino
Effa	feminino
Dove	feminino
Eleanora	feminino
Gusta	feminino
Ota	feminino
Etha	feminino
Etna	feminino
Flo	feminino
Lea	feminino
Emilia	feminino
Icie	feminino
Lulie	feminino
Nita	feminino
Liddie	feminino
Ethyl	feminino
Letta	feminino
Lillia	feminino
Manuela	feminino
Fredericka	feminino
Gloria	feminino
Madie	feminino
Parthenia	feminino
Jessica	feminino
Hessie	feminino
Lota	feminino
Rae	feminino
Eulalia	feminino
Nevada	feminino
Queenie	feminino
Nathalie	feminino
Margarita	feminino
Hope	feminino
Ramona	feminino
Selena	feminino
Will	feminino
Arra	feminino
Tempie	feminino
Rosina	feminino
Albertine	feminino
Zetta	feminino
Aida	feminino
Zillah	feminino
Texie	feminino
Allene	feminino
Carry	feminino
Aurora	feminino
Arizona	feminino
Bird	feminino
Daisey	feminino
Crete	feminino
Belva	feminino
Corine	feminino
Bula	feminino
Annabel	feminino
Biddie	feminino
Dorcas	feminino
Clementine	feminino
Courtney	feminino
Dicy	feminino
Dossie	feminino
Ester	feminino
Evaline	feminino
Eldora	feminino
Euphemia	feminino
Dee	feminino
Emeline	feminino
Ellar	feminino
Elda	feminino
Emelie	feminino
Emmaline	feminino
Donie	feminino
Florance	feminino
Elenora	feminino
Karen	feminino
Jonnie	feminino
Leo	feminino
Ivah	feminino
Evangeline	feminino
Kathryne	feminino
Icy	feminino
Mell	feminino
Fronia	feminino
Mirtie	feminino
Flavia	feminino
Ninnie	feminino
Nelia	feminino
Guadalupe	feminino
Gillie	feminino
Katharina	feminino
Joan	feminino
Hassie	feminino
Merle	feminino
Fleta	feminino
Luvenia	feminino
Jinnie	feminino
Margarett	feminino
Jewel	feminino
Lella	feminino
Mora	feminino
Nena	feminino
Odie	feminino
Mai	feminino
Osie	feminino
Sofia	feminino
Patience	feminino
Aggie	feminino
Rettie	feminino
Theodosia	feminino
Sylvania	feminino
Ruthie	feminino
Salome	feminino
Verdie	feminino
Tilla	feminino
Rowena	feminino
Pink	feminino
Sammie	feminino
Rozella	feminino
Vena	feminino
Alvena	feminino
Sybil	feminino
Zaida	feminino
Suzanne	feminino
Tressa	feminino
Rosia	feminino
Veda	feminino
Zena	feminino
Sula	feminino
Alba	feminino
Zilpha	feminino
Alverta	feminino
Therese	feminino
Ursula	feminino
Wanda	feminino
Zenobia	feminino
Aletha	feminino
Bama	feminino
Ason	feminino
Birtie	feminino
Bina	feminino
Amber	feminino
Andrew	feminino
Andrea	feminino
Avis	feminino
Cherry	feminino
Annis	feminino
Byrd	feminino
Bernadette	feminino
Chloie	feminino
Charlie	feminino
Eleanore	feminino
Claudine	feminino
Celesta	feminino
Corean	feminino
Corinna	feminino
Donia	feminino
Elena	feminino
Doshie	feminino
Christie	feminino
Corda	feminino
Eugene	feminino
Jemima	feminino
Erna	feminino
Gwendolyn	feminino
Elodie	feminino
Gretta	feminino
Faith	feminino
Gail	feminino
Glenn	feminino
Ena	feminino
Lissie	feminino
Eulah	feminino
Epsie	feminino
Hedwig	feminino
Katharyn	feminino
Lilie	feminino
Leda	feminino
Exa	feminino
Judy	feminino
Jeffie	feminino
Josefa	feminino
Jesse	feminino
Earl	feminino
Lavenia	feminino
Evalena	feminino
Johnie	feminino
Leonore	feminino
Izora	feminino
Indiana	feminino
Henriette	feminino
Lavada	feminino
Jo	feminino
Loma	feminino
Juliana	feminino
Georgine	feminino
Josiephine	feminino
Libby	feminino
Lannie	feminino
Levina	feminino
Lollie	feminino
Lonnie	feminino
Junie	feminino
Littie	feminino
Madeleine	feminino
Lugenia	feminino
Ottie	feminino
Mabell	feminino
Ottilia	feminino
Sabina	feminino
Orlena	feminino
Marinda	feminino
Mahalia	feminino
Ozella	feminino
Nealie	feminino
Ressie	feminino
Mila	feminino
Louanna	feminino
Neta	feminino
Ova	feminino
Senora	feminino
Rosena	feminino
Minda	feminino
Pollie	feminino
Margarette	feminino
Phyllis	feminino
Netta	feminino
Texanna	feminino
Siddie	feminino
Rosey	feminino
Susanne	feminino
Thea	feminino
Tinie	feminino
Tiny	feminino
Tiney	feminino
Adline	feminino
Theodora	feminino
Susana	feminino
Vernon	feminino
Achsah	feminino
Texas	feminino
Alabama	feminino
Viney	feminino
Ama	feminino
Verona	feminino
Amalie	feminino
Alexina	feminino
Albertina	feminino
Ala	feminino
Anie	feminino
Ammie	feminino
Agness	feminino
Alfred	feminino
Arthur	feminino
Altie	feminino
Aileen	feminino
Amelie	feminino
Calista	feminino
Arie	feminino
Amma	feminino
Amey	feminino
Azzie	feminino
Annabell	feminino
Attie	feminino
Cyntha	feminino
Elmina	feminino
Augustine	feminino
Arta	feminino
Clair	feminino
Cathryn	feminino
Chestina	feminino
Carra	feminino
Avie	feminino
Cara	feminino
Cleora	feminino
Crissie	feminino
Celestine	feminino
Audra	feminino
Clem	feminino
Cena	feminino
Carl	feminino
Eithel	feminino
Elba	feminino
Carey	feminino
Chester	feminino
Dezzie	feminino
Daisye	feminino
Dema	feminino
Debbie	feminino
Dellia	feminino
Dinah	feminino
Eola	feminino
Dollye	feminino
Enola	feminino
Delta	feminino
Elisa	feminino
Dola	feminino
Eleonora	feminino
Elfrieda	feminino
Elmer	feminino
Elna	feminino
Mary	feminino
Emogene	feminino